,Type,Price,Location,Baths,Area,Purpose,Beds,Creation date,Amenities,advance,Monthly installment,Remaining installments
0,Residential Plot,PKR45 Lakh,"LDA Road, Lahore, Punjab",-,10 Marla,For Sale,-,4 days ago,,,,
1,Residential Plot,PKR23 Lakh,"LDA Road, Lahore, Punjab",-,5 Marla,For Sale,-,1 day ago,,,,
2,Residential Plot,PKR26 Lakh,"LDA Road, Lahore, Punjab",-,5 Marla,For Sale,-,1 week ago,,,,
3,Residential Plot,PKR26 Lakh,"LDA Road, Lahore, Punjab",-,5 Marla,For Sale,-,1 week ago,,,,
4,Residential Plot,PKR56 Lakh,"LDA Road, Lahore, Punjab",-,10 Marla,For Sale,-,1 week ago,,,,
5,Residential Plot,PKR38 Lakh,"LDA Road, Lahore, Punjab",-,5 Marla,For Sale,-,3 days ago,"Disputed,File,Balloted,Sewerage,Electricity,Water Supply,Sui Gas,Boundary Wall,Security Staff",,,
6,Residential Plot,PKR65 Lakh,"LDA Road, Lahore, Punjab",-,1 Kanal,For Sale,-,1 day ago,,,,
7,Residential Plot,PKR58 Lakh,"LDA Road, Lahore, Punjab",-,10 Marla,For Sale,-,4 days ago,,,,
8,Residential Plot,PKR19 Lakh,"LDA Road, Lahore, Punjab",-,5 Marla,For Sale,-,4 days ago,,,,
9,Residential Plot,PKR60 Lakh,"LDA Road, Lahore, Punjab",-,10 Marla,For Sale,-,5 days ago,,,,
10,Residential Plot,PKR21 Lakh,"LDA Road, Lahore, Punjab",-,5 Marla,For Sale,-,4 hours ago,,,,
11,Residential Plot,PKR23 Lakh,"LDA Road, Lahore, Punjab",-,5 Marla,For Sale,-,4 days ago,,,,
12,Residential Plot,PKR2 Crore,"LDA Road, Lahore, Punjab",-,1 Kanal,For Sale,-,2 days ago,,,,
13,Commercial Plot,PKR2.75 Crore,"LDA Road, Lahore, Punjab",-,1 Kanal,For Sale,-,3 days ago,,,,
14,Commercial Plot,PKR2.8 Crore,"LDA Road, Lahore, Punjab",-,1 Kanal,For Sale,-,3 days ago,,,,
15,Residential Plot,PKR17 Lakh,"LDA Road, Lahore, Punjab",-,5 Marla,For Sale,-,1 day ago,,,,
16,Residential Plot,PKR60 Lakh,"LDA Road, Lahore, Punjab",-,1 Kanal,For Sale,-,1 day ago,,,,
17,Residential Plot,PKR22.5 Lakh,"LDA Road, Lahore, Punjab",-,5 Marla,For Sale,-,2 days ago,"Disputed,File,Balloted,Sewerage,Electricity,Water Supply,Sui Gas,Boundary Wall,Security Staff",,,
18,Residential Plot,PKR35 Lakh,"LDA Road, Lahore, Punjab",-,10 Marla,For Sale,-,2 days ago,"Nearby Schools,Nearby Hospitals,Nearby Shopping Malls,Nearby Restaurants,Nearby Public Transport Service,Other Nearby Places,Other Facilities",,,
19,Residential Plot,PKR18 Lakh,"LDA Road, Lahore, Punjab",-,5 Marla,For Sale,-,2 days ago,"Nearby Schools,Nearby Hospitals,Nearby Shopping Malls,Nearby Restaurants,Nearby Public Transport Service,Other Nearby Places,Other Facilities",,,
20,Residential Plot,PKR35 Lakh,"LDA Road, Lahore, Punjab",-,5 Marla,For Sale,-,2 days ago,"Nearby Schools,Nearby Hospitals,Nearby Shopping Malls,Nearby Restaurants,Nearby Public Transport Service,Other Nearby Places",,,
21,Residential Plot,PKR30 Lakh,"LDA Road, Lahore, Punjab",-,10 Marla,For Sale,-,2 days ago,"Nearby Schools,Nearby Hospitals,Nearby Shopping Malls,Nearby Restaurants,Nearby Public Transport Service,Other Nearby Places,Other Facilities",,,
22,Residential Plot,PKR22 Lakh,"LDA Road, Lahore, Punjab",-,5 Marla,For Sale,-,2 days ago,"Nearby Schools,Nearby Hospitals,Nearby Shopping Malls,Nearby Restaurants,Nearby Public Transport Service,Other Nearby Places,Other Facilities",,,
23,Residential Plot,PKR30 Lakh,"LDA Road, Lahore, Punjab",-,5 Marla,For Sale,-,2 days ago,"Nearby Schools,Nearby Hospitals,Nearby Shopping Malls,Nearby Restaurants,Nearby Public Transport Service,Other Nearby Places,Other Facilities",,,
24,Residential Plot,PKR25 Lakh,"LDA Road, Lahore, Punjab",-,5 Marla,For Sale,-,2 days ago,"Nearby Schools,Nearby Hospitals,Nearby Shopping Malls,Nearby Restaurants,Nearby Public Transport Service,Other Nearby Places,Other Facilities",,,
25,Residential Plot,PKR55 Lakh,"LDA Road, Lahore, Punjab",-,10 Marla,For Sale,-,1 day ago,,,,
26,Plot File,PKR20.75 Lakh,"LDA Road, Lahore, Punjab",-,5 Marla,For Sale,-,5 hours ago,,,,
27,Plot File,PKR21 Lakh,"LDA Road, Lahore, Punjab",-,5 Marla,For Sale,-,3 weeks ago,,,,
28,Plot File,PKR21.5 Lakh,"LDA Road, Lahore, Punjab",-,5 Marla,For Sale,-,4 weeks ago,,,,
29,Residential Plot,PKR32.75 Lakh,"LDA Road, Lahore, Punjab",-,10 Marla,For Sale,-,17 hours ago,,,,
30,Residential Plot,PKR29.75 Lakh,"LDA Road, Lahore, Punjab",-,5 Marla,For Sale,-,5 days ago,,,,
31,Residential Plot,PKR27 Lakh,"LDA Road, Lahore, Punjab",-,5 Marla,For Sale,-,5 days ago,,,,
32,Residential Plot,PKR18 Lakh,"LDA Road, Lahore, Punjab",-,5 Marla,For Sale,-,6 hours ago,"File,Balloted,Sewerage,Electricity,Water Supply,Sui Gas,Boundary Wall",,,
33,Residential Plot,PKR33 Lakh,"LDA Road, Lahore, Punjab",-,10 Marla,For Sale,-,6 hours ago,"File,Balloted,Sewerage,Electricity,Water Supply,Sui Gas,Boundary Wall",,,
34,Residential Plot,PKR20 Lakh,"LDA Road, Lahore, Punjab",-,5 Marla,For Sale,-,6 hours ago,"File,Balloted,Sewerage,Electricity,Water Supply,Sui Gas,Boundary Wall",,,
35,Residential Plot,PKR55 Lakh,"LDA Road, Lahore, Punjab",-,10 Marla,For Sale,-,4 days ago,,,,
36,Residential Plot,PKR45 Lakh,"LDA Road, Lahore, Punjab",-,10 Marla,For Sale,-,1 day ago,,,,
37,Residential Plot,PKR27 Lakh,"LDA Road, Lahore, Punjab",-,5 Marla,For Sale,-,3 days ago,"Park Facing,Disputed,File,Balloted,Sewerage,Electricity,Water Supply,Sui Gas,Boundary Wall,Security Staff",,,
38,Residential Plot,PKR34 Lakh,"LDA Road, Lahore, Punjab",-,5 Marla,For Sale,-,3 days ago,"Disputed,File,Balloted,Sewerage,Electricity,Water Supply,Sui Gas,Boundary Wall,Security Staff",,,
39,Residential Plot,PKR35 Lakh,"LDA Road, Lahore, Punjab",-,5 Marla,For Sale,-,3 days ago,,,,
40,Residential Plot,PKR37 Lakh,"LDA Road, Lahore, Punjab",-,10 Marla,For Sale,-,4 days ago,,,,
41,Residential Plot,PKR33 Lakh,"LDA Road, Lahore, Punjab",-,10 Marla,For Sale,-,4 days ago,,,,
42,Residential Plot,PKR18 Lakh,"LDA Road, Lahore, Punjab",-,5 Marla,For Sale,-,2 days ago,"Nearby Schools,Nearby Hospitals,Nearby Shopping Malls,Distance From Airport (kms),Nearby Public Transport Service,Other Nearby Places",,,
43,Residential Plot,PKR35 Lakh,"LDA Road, Lahore, Punjab",-,10 Marla,For Sale,-,2 days ago,"Nearby Schools,Nearby Hospitals,Nearby Shopping Malls,Nearby Restaurants,Nearby Public Transport Service,Other Nearby Places,Other Facilities",,,
44,Residential Plot,PKR36 Lakh,"LDA Road, Lahore, Punjab",-,5 Marla,For Sale,-,3 days ago,,,,
45,Residential Plot,PKR26 Lakh,"LDA Road, Lahore, Punjab",-,5 Marla,For Sale,-,3 days ago,,,,
46,Residential Plot,PKR31 Lakh,"LDA Road, Lahore, Punjab",-,5 Marla,For Sale,-,3 days ago,,,,
47,Residential Plot,PKR37 Lakh,"LDA Road, Lahore, Punjab",-,10 Marla,For Sale,-,3 days ago,,,,
48,Residential Plot,PKR17.5 Lakh,"LDA Road, Lahore, Punjab",-,5 Marla,For Sale,-,3 days ago,,,,
49,Residential Plot,PKR24 Lakh,"LDA Road, Lahore, Punjab",-,5 Marla,For Sale,-,3 days ago,,,,
50,Residential Plot,PKR25 Lakh,"LDA Road, Lahore, Punjab",-,10 Marla,For Sale,-,6 hours ago,"File,Balloted,Sewerage,Electricity,Water Supply,Sui Gas,Boundary Wall",,,
51,Residential Plot,PKR2.5 Crore,"LDA Road, Lahore, Punjab",-,1 Kanal,For Sale,-,6 hours ago,,,,
52,Residential Plot,PKR19 Lakh,"LDA Road, Lahore, Punjab",-,5 Marla,For Sale,-,6 hours ago,,,,
53,Residential Plot,PKR32 Lakh,"LDA Road, Lahore, Punjab",-,10 Marla,For Sale,-,6 hours ago,"Balloted,Sewerage,Electricity,Water Supply,Sui Gas,Boundary Wall",,,
54,Residential Plot,PKR35 Lakh,"LDA Road, Lahore, Punjab",-,5 Marla,For Sale,-,6 hours ago,"Balloted,Sewerage,Electricity,Water Supply,Sui Gas,Boundary Wall",,,
55,Residential Plot,PKR22 Lakh,"LDA Road, Lahore, Punjab",-,5 Marla,For Sale,-,6 hours ago,"Balloted,Sewerage,Electricity,Water Supply,Sui Gas,Boundary Wall",,,
56,Residential Plot,PKR56 Lakh,"LDA Road, Lahore, Punjab",-,10 Marla,For Sale,-,6 hours ago,"Possesion,Balloted,Sewerage,Electricity,Water Supply,Sui Gas,Boundary Wall",,,
57,Residential Plot,PKR30 Lakh,"LDA Road, Lahore, Punjab",-,10 Marla,For Sale,-,6 days ago,"Possesion,Corner,Park Facing,Disputed,File,Balloted,Sewerage,Electricity,Water Supply,Sui Gas,Boundary Wall",,,
58,Residential Plot,PKR37 Lakh,"LDA Road, Lahore, Punjab",-,5 Marla,For Sale,-,1 day ago,,,,
59,Plot File,PKR58 Lakh,"LDA Road, Lahore, Punjab",-,10 Marla,For Sale,-,1 week ago,,,,
60,Residential Plot,PKR22 Lakh,"LDA Road, Lahore, Punjab",-,5 Marla,For Sale,-,1 day ago,,,,
61,Residential Plot,PKR2.1 Crore,"LDA Road, Lahore, Punjab",-,1 Kanal,For Sale,-,5 hours ago,"Park Facing,File,Balloted,Sewerage,Electricity,Water Supply,Sui Gas,Boundary Wall",,,
62,Residential Plot,PKR21 Lakh,"LDA Road, Lahore, Punjab",-,5 Marla,For Sale,-,4 days ago,,,,
63,Residential Plot,PKR18.5 Lakh,"LDA Road, Lahore, Punjab",-,5 Marla,For Sale,-,4 days ago,,,,
64,Residential Plot,PKR21 Lakh,"LDA Road, Lahore, Punjab",-,5 Marla,For Sale,-,4 days ago,,,,
65,Residential Plot,PKR30 Lakh,"LDA Road, Lahore, Punjab",-,5 Marla,For Sale,-,4 days ago,,,,
66,Residential Plot,PKR32 Lakh,"LDA Road, Lahore, Punjab",-,5 Marla,For Sale,-,4 days ago,,,,
67,Residential Plot,PKR36 Lakh,"LDA Road, Lahore, Punjab",-,10 Marla,For Sale,-,3 days ago,,,,
68,Residential Plot,PKR76 Lakh,"LDA Road, Lahore, Punjab",-,1 Kanal,For Sale,-,3 days ago,,,,
69,Residential Plot,PKR21 Lakh,"LDA Road, Lahore, Punjab",-,5 Marla,For Sale,-,3 days ago,,,,
70,Residential Plot,PKR23 Lakh,"LDA Road, Lahore, Punjab",-,5 Marla,For Sale,-,3 days ago,,,,
71,Residential Plot,PKR44 Lakh,"LDA Road, Lahore, Punjab",-,5 Marla,For Sale,-,3 days ago,,,,
72,Residential Plot,PKR76 Lakh,"LDA Road, Lahore, Punjab",-,10 Marla,For Sale,-,3 days ago,,,,
73,Residential Plot,PKR17 Lakh,"LDA Road, Lahore, Punjab",-,5 Marla,For Sale,-,3 days ago,,,,
74,Residential Plot,PKR17.5 Lakh,"LDA Road, Lahore, Punjab",-,5 Marla,For Sale,-,3 days ago,,,,
75,Residential Plot,PKR67 Lakh,"LDA Road, Lahore, Punjab",-,1 Kanal,For Sale,-,1 week ago,,,,
76,Residential Plot,PKR35 Lakh,"LDA Road, Lahore, Punjab",-,10 Marla,For Sale,-,1 week ago,,,,
77,Residential Plot,PKR40 Lakh,"LDA Road, Lahore, Punjab",-,10 Marla,For Sale,-,1 day ago,,,,
78,Plot File,PKR1.07 Crore,"LDA Road, Lahore, Punjab",-,1 Kanal,For Sale,-,2 weeks ago,,,,
79,Residential Plot,PKR60 Lakh,"LDA Road, Lahore, Punjab",-,10 Marla,For Sale,-,2 weeks ago,,,,
80,Residential Plot,PKR35 Lakh,"LDA Road, Lahore, Punjab",-,10 Marla,For Sale,-,2 weeks ago,"Park Facing,Disputed,File,Balloted,Sewerage,Electricity,Water Supply,Sui Gas,Boundary Wall",,,
81,Residential Plot,PKR38 Lakh,"LDA Road, Lahore, Punjab",-,10 Marla,For Sale,-,2 weeks ago,"Balloted,Sewerage,Electricity,Water Supply,Sui Gas,Boundary Wall",,,
82,Plot File,PKR22.5 Lakh,"LDA Road, Lahore, Punjab",-,5 Marla,For Sale,-,2 weeks ago,,,,
83,Residential Plot,PKR38 Lakh,"LDA Road, Lahore, Punjab",-,10 Marla,For Sale,-,2 weeks ago,"File,Balloted,Sewerage,Electricity,Water Supply,Sui Gas,Boundary Wall",,,
84,Residential Plot,PKR62 Lakh,"LDA Road, Lahore, Punjab",-,1 Kanal,For Sale,-,3 weeks ago,,,,
85,Residential Plot,PKR25 Lakh,"LDA Road, Lahore, Punjab",-,5 Marla,For Sale,-,1 week ago,,,,
86,Plot File,PKR18.25 Lakh,"LDA Road, Lahore, Punjab",-,5 Marla,For Sale,-,1 week ago,,,,
87,Residential Plot,PKR17 Lakh,"LDA Road, Lahore, Punjab",-,5 Marla,For Sale,-,4 days ago,,,,
88,Residential Plot,PKR32.75 Lakh,"LDA Road, Lahore, Punjab",-,10 Marla,For Sale,-,1 day ago,,,,
89,Residential Plot,PKR35 Lakh,"LDA Road, Lahore, Punjab",-,10 Marla,For Sale,-,5 days ago,,,,
90,Residential Plot,PKR25 Lakh,"LDA Road, Lahore, Punjab",-,5 Marla,For Sale,-,5 days ago,,,,
91,Residential Plot,PKR38 Lakh,"LDA Road, Lahore, Punjab",-,10 Marla,For Sale,-,5 days ago,,,,
92,Residential Plot,PKR40 Lakh,"LDA Road, Lahore, Punjab",-,10 Marla,For Sale,-,3 days ago,,,,
93,Residential Plot,PKR34 Lakh,"LDA Road, Lahore, Punjab",-,10 Marla,For Sale,-,3 days ago,,,,
94,Residential Plot,PKR21 Lakh,"LDA Road, Lahore, Punjab",-,5 Marla,For Sale,-,3 days ago,,,,
95,Residential Plot,PKR34 Lakh,"LDA Road, Lahore, Punjab",-,5 Marla,For Sale,-,3 days ago,,,,
96,Residential Plot,PKR39 Lakh,"LDA Road, Lahore, Punjab",-,5 Marla,For Sale,-,3 days ago,,,,
97,Residential Plot,PKR25 Lakh,"LDA Road, Lahore, Punjab",-,5 Marla,For Sale,-,3 days ago,,,,
98,Residential Plot,PKR24 Lakh,"LDA Road, Lahore, Punjab",-,5 Marla,For Sale,-,3 days ago,,,,
99,Residential Plot,PKR34 Lakh,"LDA Road, Lahore, Punjab",-,10 Marla,For Sale,-,3 days ago,,,,
100,Residential Plot,PKR45 Lakh,"LDA Road, Lahore, Punjab",-,10 Marla,For Sale,-,3 weeks ago,,,,
101,Plot File,PKR21 Lakh,"LDA Road, Lahore, Punjab",-,5 Marla,For Sale,-,3 weeks ago,,,,
102,Plot File,PKR22.5 Lakh,"LDA Road, Lahore, Punjab",-,5 Marla,For Sale,-,3 weeks ago,,,,
103,Residential Plot,PKR35 Lakh,"LDA Road, Lahore, Punjab",-,5 Marla,For Sale,-,3 weeks ago,,,,
104,Plot File,PKR32.4 Lakh,"LDA Road, Lahore, Punjab",-,10 Marla,For Sale,-,4 weeks ago,,,,
105,Residential Plot,PKR20 Lakh,"LDA Road, Lahore, Punjab",-,5 Marla,For Sale,-,4 weeks ago,"Sewerage,Electricity,Water Supply",,,
106,Residential Plot,PKR50 Lakh,"LDA Road, Lahore, Punjab",-,10 Marla,For Sale,-,1 month ago,,,,
107,Plot File,PKR30.5 Lakh,"LDA Road, Lahore, Punjab",-,10 Marla,For Sale,-,1 week ago,,,,
108,Plot File,PKR21.5 Lakh,"LDA Road, Lahore, Punjab",-,5 Marla,For Sale,-,1 week ago,,,,
109,Plot File,PKR30 Lakh,"LDA Road, Lahore, Punjab",-,10 Marla,For Sale,-,1 week ago,,,,
110,Residential Plot,PKR37 Lakh,"LDA Road, Lahore, Punjab",-,10 Marla,For Sale,-,1 week ago,,,,
111,Residential Plot,PKR21 Lakh,"LDA Road, Lahore, Punjab",-,5 Marla,For Sale,-,1 week ago,,,,
112,Residential Plot,PKR23 Lakh,"LDA Road, Lahore, Punjab",-,5 Marla,For Sale,-,5 hours ago,,,,
113,Residential Plot,PKR26 Lakh,"LDA Road, Lahore, Punjab",-,5 Marla,For Sale,-,6 hours ago,"File,Balloted,Sewerage,Electricity,Water Supply,Sui Gas,Boundary Wall",,,
114,Residential Plot,PKR36 Lakh,"LDA Road, Lahore, Punjab",-,5 Marla,For Sale,-,6 hours ago,"Possesion,Balloted,Sewerage,Electricity,Water Supply,Sui Gas,Boundary Wall",,,
115,Residential Plot,PKR55 Lakh,"LDA Road, Lahore, Punjab",-,10 Marla,For Sale,-,6 hours ago,"Possesion,File,Balloted,Sewerage,Electricity,Water Supply,Sui Gas,Boundary Wall",,,
116,Residential Plot,PKR35 Lakh,"LDA Road, Lahore, Punjab",-,10 Marla,For Sale,-,6 hours ago,"File,Balloted,Sewerage,Electricity,Water Supply,Sui Gas,Boundary Wall",,,
117,Residential Plot,PKR78 Lakh,"LDA Road, Lahore, Punjab",-,1 Kanal,For Sale,-,3 days ago,,,,
118,Residential Plot,PKR36 Lakh,"LDA Road, Lahore, Punjab",-,5 Marla,For Sale,-,3 days ago,,,,
119,Residential Plot,PKR18 Lakh,"LDA Road, Lahore, Punjab",-,5 Marla,For Sale,-,3 days ago,,,,
120,Residential Plot,PKR38 Lakh,"LDA Road, Lahore, Punjab",-,10 Marla,For Sale,-,3 days ago,,,,
121,Residential Plot,PKR26 Lakh,"LDA Road, Lahore, Punjab",-,5 Marla,For Sale,-,3 days ago,,,,
122,Residential Plot,PKR34 Lakh,"LDA Road, Lahore, Punjab",-,5 Marla,For Sale,-,3 days ago,"Disputed,File,Balloted,Sewerage,Electricity,Water Supply,Sui Gas,Boundary Wall,Security Staff",,,
123,Residential Plot,PKR22 Lakh,"LDA Road, Lahore, Punjab",-,5 Marla,For Sale,-,3 days ago,"Disputed,File,Balloted,Sewerage,Electricity,Water Supply,Sui Gas,Boundary Wall,Security Staff",,,
124,Residential Plot,PKR36.5 Lakh,"LDA Road, Lahore, Punjab",-,10 Marla,For Sale,-,3 days ago,"Disputed,File,Balloted,Sewerage,Electricity,Water Supply,Sui Gas,Boundary Wall,Security Staff",,,
125,Residential Plot,PKR55 Lakh,"LDA Road, Lahore, Punjab",-,1 Kanal,For Sale,-,4 hours ago,,,,
126,Residential Plot,PKR90 Lakh,"LDA Road, Lahore, Punjab",-,1 Kanal,For Sale,-,1 week ago,,,,
127,Plot File,PKR32 Lakh,"LDA Road, Lahore, Punjab",-,10 Marla,For Sale,-,1 week ago,,,,
128,Residential Plot,PKR75 Lakh,"LDA Road, Lahore, Punjab",-,1 Kanal,For Sale,-,1 week ago,,,,
129,Residential Plot,PKR75 Lakh,"LDA Road, Lahore, Punjab",-,1 Kanal,For Sale,-,1 week ago,,,,
130,Residential Plot,PKR19 Lakh,"LDA Road, Lahore, Punjab",-,5 Marla,For Sale,-,1 week ago,"Possesion,File,Sewerage,Water Supply",,,
131,Plot File,PKR19.75 Lakh,"LDA Road, Lahore, Punjab",-,5 Marla,For Sale,-,2 weeks ago,,,,
132,Residential Plot,PKR30.5 Lakh,"LDA Road, Lahore, Punjab",-,10 Marla,For Sale,-,2 weeks ago,,,,
133,Residential Plot,PKR18.5 Lakh,"LDA Road, Lahore, Punjab",-,5 Marla,For Sale,-,2 weeks ago,,,,
134,Residential Plot,PKR21 Lakh,"LDA Road, Lahore, Punjab",-,5 Marla,For Sale,-,2 weeks ago,,,,
135,Plot File,PKR32 Lakh,"LDA Road, Lahore, Punjab",-,10 Marla,For Sale,-,2 weeks ago,,,,
136,Plot File,PKR21.5 Lakh,"LDA Road, Lahore, Punjab",-,5 Marla,For Sale,-,1 day ago,,,,
137,Residential Plot,PKR18 Lakh,"LDA Road, Lahore, Punjab",-,5 Marla,For Sale,-,7 hours ago,,,,
138,Plot File,PKR27 Lakh,"LDA Road, Lahore, Punjab",-,5 Marla,For Sale,-,5 days ago,,,,
139,Residential Plot,PKR31 Lakh,"LDA Road, Lahore, Punjab",-,5 Marla,For Sale,-,6 hours ago,"Corner,File,Balloted,Sewerage,Electricity,Water Supply,Sui Gas,Boundary Wall",,,
140,Residential Plot,PKR68 Lakh,"LDA Road, Lahore, Punjab",-,1 Kanal,For Sale,-,6 hours ago,"Balloted,Sewerage,Electricity,Water Supply,Sui Gas,Boundary Wall",,,
141,Residential Plot,PKR22 Lakh,"LDA Road, Lahore, Punjab",-,5 Marla,For Sale,-,6 hours ago,"File,Balloted,Sewerage,Electricity,Water Supply,Sui Gas,Boundary Wall",,,
142,Residential Plot,PKR26.5 Lakh,"LDA Road, Lahore, Punjab",-,5 Marla,For Sale,-,3 days ago,,,,
143,Residential Plot,PKR18.5 Lakh,"LDA Road, Lahore, Punjab",-,5 Marla,For Sale,-,3 days ago,,,,
144,Residential Plot,PKR33 Lakh,"LDA Road, Lahore, Punjab",-,10 Marla,For Sale,-,3 days ago,,,,
145,Residential Plot,PKR64 Lakh,"LDA Road, Lahore, Punjab",-,1 Kanal,For Sale,-,3 days ago,,,,
146,Residential Plot,PKR29 Lakh,"LDA Road, Lahore, Punjab",-,5 Marla,For Sale,-,3 days ago,,,,
147,Residential Plot,PKR84 Lakh,"LDA Road, Lahore, Punjab",-,1 Kanal,For Sale,-,3 days ago,,,,
148,Residential Plot,PKR38 Lakh,"LDA Road, Lahore, Punjab",-,5 Marla,For Sale,-,3 days ago,,,,
149,Residential Plot,PKR86 Lakh,"LDA Road, Lahore, Punjab",-,1 Kanal,For Sale,-,3 days ago,,,,
150,Plot File,PKR18 Lakh,"LDA Road, Lahore, Punjab",-,5 Marla,For Sale,-,2 weeks ago,,,,
151,Plot File,PKR20 Lakh,"LDA Road, Lahore, Punjab",-,5 Marla,For Sale,-,3 weeks ago,,,,
152,Plot File,PKR21.5 Lakh,"LDA Road, Lahore, Punjab",-,5 Marla,For Sale,-,3 weeks ago,,,,
153,Plot File,PKR32 Lakh,"LDA Road, Lahore, Punjab",-,10 Marla,For Sale,-,4 weeks ago,,,,
154,Plot File,PKR21 Lakh,"LDA Road, Lahore, Punjab",-,5 Marla,For Sale,-,4 weeks ago,,,,
155,Residential Plot,PKR18 Lakh,"LDA Road, Lahore, Punjab",-,5 Marla,For Sale,-,4 weeks ago,,,,
156,Residential Plot,PKR26 Lakh,"LDA Road, Lahore, Punjab",-,5 Marla,For Sale,-,6 hours ago,"Corner,Balloted",,,
157,Residential Plot,PKR63 Lakh,"LDA Road, Lahore, Punjab",-,1 Kanal,For Sale,-,6 hours ago,"Balloted,Sewerage,Electricity,Water Supply,Sui Gas,Boundary Wall",,,
158,Residential Plot,PKR25 Lakh,"LDA Road, Lahore, Punjab",-,5 Marla,For Sale,-,6 hours ago,,,,
159,Residential Plot,PKR30 Lakh,"LDA Road, Lahore, Punjab",-,5 Marla,For Sale,-,6 hours ago,,,,
160,Residential Plot,PKR26 Lakh,"LDA Road, Lahore, Punjab",-,5 Marla,For Sale,-,6 hours ago,,,,
161,Residential Plot,PKR35 Lakh,"LDA Road, Lahore, Punjab",-,10 Marla,For Sale,-,5 days ago,,,,
162,Residential Plot,PKR2.25 Crore,"LDA Road, Lahore, Punjab",-,2 Kanal,For Sale,-,5 days ago,"Balloted,Sewerage,Electricity,Water Supply,Sui Gas,Boundary Wall,Nearby Schools,Nearby Hospitals,Nearby Shopping Malls,Nearby Restaurants,Distance From Airport (kms),Nearby Public Transport Service,Other Nearby Places,Security Staff,Other Facilities",,,
163,Residential Plot,PKR22 Lakh,"LDA Road, Lahore, Punjab",-,5 Marla,For Sale,-,5 days ago,,,,
164,Residential Plot,PKR24 Lakh,"LDA Road, Lahore, Punjab",-,5 Marla,For Sale,-,5 days ago,,,,
165,Residential Plot,PKR20 Lakh,"LDA Road, Lahore, Punjab",-,5 Marla,For Sale,-,1 day ago,,,,
166,Residential Plot,PKR19 Lakh,"LDA Road, Lahore, Punjab",-,5 Marla,For Sale,-,1 day ago,,,,
167,Residential Plot,PKR85 Lakh,"LDA Road, Lahore, Punjab",-,1 Kanal,For Sale,-,3 days ago,,,,
168,Residential Plot,PKR42 Lakh,"LDA Road, Lahore, Punjab",-,10 Marla,For Sale,-,4 days ago,,,,
169,Residential Plot,PKR40 Lakh,"LDA Road, Lahore, Punjab",-,10 Marla,For Sale,-,4 days ago,,,,
170,Residential Plot,PKR78 Lakh,"LDA Road, Lahore, Punjab",-,1 Kanal,For Sale,-,4 days ago,,,,
171,Residential Plot,PKR39 Lakh,"LDA Road, Lahore, Punjab",-,5 Marla,For Sale,-,4 days ago,,,,
172,Residential Plot,PKR37 Lakh,"LDA Road, Lahore, Punjab",-,10 Marla,For Sale,-,4 days ago,,,,
173,Residential Plot,PKR26 Lakh,"LDA Road, Lahore, Punjab",-,5 Marla,For Sale,-,4 days ago,,,,
174,Residential Plot,PKR1.05 Crore,"LDA Road, Lahore, Punjab",-,1 Kanal,For Sale,-,4 days ago,,,,
175,Residential Plot,PKR27.5 Lakh,"LDA Road, Lahore, Punjab",-,5 Marla,For Sale,-,6 days ago,,,,
176,Plot File,PKR64 Lakh,"LDA Road, Lahore, Punjab",-,1 Kanal,For Sale,-,6 days ago,,,,
177,Residential Plot,PKR17 Lakh,"LDA Road, Lahore, Punjab",-,5 Marla,For Sale,-,6 days ago,,,,
178,Residential Plot,PKR25 Lakh,"LDA Road, Lahore, Punjab",-,5 Marla,For Sale,-,1 day ago,,,,
179,Residential Plot,PKR34 Lakh,"LDA Road, Lahore, Punjab",-,10 Marla,For Sale,-,6 days ago,,,,
180,Residential Plot,PKR33.5 Lakh,"LDA Road, Lahore, Punjab",-,10 Marla,For Sale,-,6 days ago,,,,
181,Residential Plot,PKR30 Lakh,"LDA Road, Lahore, Punjab",-,10 Marla,For Sale,-,6 days ago,,,,
182,Residential Plot,PKR25.5 Lakh,"LDA Road, Lahore, Punjab",-,5 Marla,For Sale,-,10 hours ago,"Sewerage,Electricity,Water Supply",,,
183,Residential Plot,PKR18 Lakh,"LDA Road, Lahore, Punjab",-,5 Marla,For Sale,-,10 hours ago,"Sewerage,Electricity,Water Supply",,,
184,Residential Plot,PKR65 Lakh,"LDA Road, Lahore, Punjab",-,1 Kanal,For Sale,-,10 hours ago,"Sewerage,Electricity,Water Supply",,,
185,Plot File,PKR21.75 Lakh,"LDA Road, Lahore, Punjab",-,5 Marla,For Sale,-,6 days ago,,,,
186,Plot File,PKR20.75 Lakh,"LDA Road, Lahore, Punjab",-,5 Marla,For Sale,-,6 days ago,,,,
187,Residential Plot,PKR34 Lakh,"LDA Road, Lahore, Punjab",-,10 Marla,For Sale,-,6 days ago,"Sewerage,Electricity,Water Supply",,,
188,Residential Plot,PKR21 Lakh,"LDA Road, Lahore, Punjab",-,5 Marla,For Sale,-,6 days ago,"Sewerage,Electricity,Water Supply",,,
189,Residential Plot,PKR34 Lakh,"LDA Road, Lahore, Punjab",-,10 Marla,For Sale,-,6 days ago,"Sewerage,Electricity,Water Supply",,,
190,Residential Plot,PKR19.5 Lakh,"LDA Road, Lahore, Punjab",-,5 Marla,For Sale,-,6 days ago,"Sewerage,Electricity,Water Supply",,,
191,Residential Plot,PKR75 Lakh,"LDA Road, Lahore, Punjab",-,1 Kanal,For Sale,-,6 days ago,"Sewerage,Electricity,Water Supply",,,
192,Residential Plot,PKR55 Lakh,"LDA Road, Lahore, Punjab",-,1 Kanal,For Sale,-,4 days ago,,,,
193,Residential Plot,PKR80 Lakh,"LDA Road, Lahore, Punjab",-,1 Kanal,For Sale,-,4 days ago,,,,
194,Residential Plot,PKR22 Lakh,"LDA Road, Lahore, Punjab",-,5 Marla,For Sale,-,4 days ago,,,,
195,Residential Plot,PKR21 Lakh,"LDA Road, Lahore, Punjab",-,5 Marla,For Sale,-,4 days ago,,,,
196,Residential Plot,PKR21 Lakh,"LDA Road, Lahore, Punjab",-,5 Marla,For Sale,-,4 days ago,,,,
197,Residential Plot,PKR24 Lakh,"LDA Road, Lahore, Punjab",-,5 Marla,For Sale,-,4 days ago,,,,
198,Residential Plot,PKR25 Lakh,"LDA Road, Lahore, Punjab",-,5 Marla,For Sale,-,4 days ago,,,,
199,Residential Plot,PKR45 Lakh,"LDA Road, Lahore, Punjab",-,10 Marla,For Sale,-,4 days ago,,,,
200,Residential Plot,PKR25 Lakh,"LDA Road, Lahore, Punjab",-,5 Marla,For Sale,-,6 days ago,"Sewerage,Electricity,Water Supply",,,
201,Residential Plot,PKR38 Lakh,"LDA Road, Lahore, Punjab",-,10 Marla,For Sale,-,1 week ago,,,,
202,Residential Plot,PKR35 Lakh,"LDA Road, Lahore, Punjab",-,10 Marla,For Sale,-,1 week ago,,,,
203,Residential Plot,PKR35 Lakh,"LDA Road, Lahore, Punjab",-,5 Marla,For Sale,-,1 week ago,,,,
204,Residential Plot,PKR24 Lakh,"LDA Road, Lahore, Punjab",-,5 Marla,For Sale,-,1 week ago,,,,
205,Residential Plot,PKR22 Lakh,"LDA Road, Lahore, Punjab",-,5 Marla,For Sale,-,1 week ago,,,,
206,Residential Plot,PKR22 Lakh,"LDA Road, Lahore, Punjab",-,5 Marla,For Sale,-,1 day ago,,,,
207,Residential Plot,PKR38 Lakh,"LDA Road, Lahore, Punjab",-,10 Marla,For Sale,-,1 week ago,"File,Balloted,Sewerage,Electricity,Water Supply,Sui Gas,Boundary Wall",,,
208,Residential Plot,PKR38 Lakh,"LDA Road, Lahore, Punjab",-,10 Marla,For Sale,-,1 week ago,"Balloted,Sewerage,Electricity,Water Supply,Sui Gas,Boundary Wall",,,
209,Residential Plot,PKR39 Lakh,"LDA Road, Lahore, Punjab",-,10 Marla,For Sale,-,1 week ago,"File,Balloted,Sewerage,Electricity,Water Supply,Sui Gas,Boundary Wall",,,
210,Residential Plot,PKR39 Lakh,"LDA Road, Lahore, Punjab",-,10 Marla,For Sale,-,1 week ago,"File,Balloted,Sewerage,Electricity,Water Supply,Sui Gas,Boundary Wall",,,
211,Residential Plot,PKR25 Lakh,"LDA Road, Lahore, Punjab",-,5 Marla,For Sale,-,1 week ago,,,,
212,Residential Plot,PKR25 Lakh,"LDA Road, Lahore, Punjab",-,5 Marla,For Sale,-,1 week ago,"File,Balloted,Sewerage,Electricity,Water Supply,Sui Gas,Boundary Wall",,,
213,Residential Plot,PKR42 Lakh,"LDA Road, Lahore, Punjab",-,10 Marla,For Sale,-,1 week ago,"Balloted,Sewerage,Electricity,Water Supply,Sui Gas,Boundary Wall",,,
214,Residential Plot,PKR25 Lakh,"LDA Road, Lahore, Punjab",-,5 Marla,For Sale,-,1 week ago,,,,
215,Residential Plot,PKR35 Lakh,"LDA Road, Lahore, Punjab",-,10 Marla,For Sale,-,1 week ago,"Park Facing,Disputed,File,Balloted,Sewerage,Electricity,Water Supply,Sui Gas,Boundary Wall",,,
216,Residential Plot,PKR21 Lakh,"LDA Road, Lahore, Punjab",-,5 Marla,For Sale,-,1 week ago,"Park Facing,Disputed,File,Balloted,Sewerage,Electricity,Water Supply,Sui Gas,Boundary Wall",,,
217,Residential Plot,PKR38 Lakh,"LDA Road, Lahore, Punjab",-,5 Marla,For Sale,-,4 days ago,,,,
218,Residential Plot,PKR26 Lakh,"LDA Road, Lahore, Punjab",-,5 Marla,For Sale,-,4 days ago,,,,
219,Residential Plot,PKR24 Lakh,"LDA Road, Lahore, Punjab",-,5 Marla,For Sale,-,4 days ago,,,,
220,Residential Plot,PKR41 Lakh,"LDA Road, Lahore, Punjab",-,10 Marla,For Sale,-,4 days ago,,,,
221,Residential Plot,PKR18 Lakh,"LDA Road, Lahore, Punjab",-,5 Marla,For Sale,-,4 days ago,,,,
222,Residential Plot,PKR71 Lakh,"LDA Road, Lahore, Punjab",-,1 Kanal,For Sale,-,4 days ago,,,,
223,Residential Plot,PKR17 Lakh,"LDA Road, Lahore, Punjab",-,5 Marla,For Sale,-,4 days ago,,,,
224,Residential Plot,PKR21 Lakh,"LDA Road, Lahore, Punjab",-,5 Marla,For Sale,-,4 days ago,,,,
225,Residential Plot,PKR58 Lakh,"LDA Road, Lahore, Punjab",-,10 Marla,For Sale,-,1 week ago,,,,
226,Residential Plot,PKR22 Lakh,"LDA Road, Lahore, Punjab",-,5 Marla,For Sale,-,1 day ago,,,,
227,Residential Plot,PKR17 Lakh,"LDA Road, Lahore, Punjab",-,5 Marla,For Sale,-,5 hours ago,,,,
228,Residential Plot,PKR35 Lakh,"LDA Road, Lahore, Punjab",-,10 Marla,For Sale,-,1 week ago,,,,
229,Residential Plot,PKR58 Lakh,"LDA Road, Lahore, Punjab",-,10 Marla,For Sale,-,1 week ago,,,,
230,Residential Plot,PKR18 Lakh,"LDA Road, Lahore, Punjab",-,5 Marla,For Sale,-,10 hours ago,"Sewerage,Electricity,Water Supply",,,
231,Residential Plot,PKR35.5 Lakh,"LDA Road, Lahore, Punjab",-,5 Marla,For Sale,-,10 hours ago,"Sewerage,Electricity,Water Supply",,,
232,Residential Plot,PKR62 Lakh,"LDA Road, Lahore, Punjab",-,1 Kanal,For Sale,-,10 hours ago,"Sewerage,Electricity,Water Supply",,,
233,Residential Plot,PKR21.5 Lakh,"LDA Road, Lahore, Punjab",-,5 Marla,For Sale,-,10 hours ago,"Sewerage,Electricity,Water Supply",,,
234,Residential Plot,PKR38 Lakh,"LDA Road, Lahore, Punjab",-,10 Marla,For Sale,-,10 hours ago,"Sewerage,Electricity,Water Supply",,,
235,Residential Plot,PKR70 Lakh,"LDA Road, Lahore, Punjab",-,1 Kanal,For Sale,-,2 weeks ago,,,,
236,Residential Plot,PKR39 Lakh,"LDA Road, Lahore, Punjab",-,10 Marla,For Sale,-,2 weeks ago,,,,
237,Residential Plot,PKR38 Lakh,"LDA Road, Lahore, Punjab",-,10 Marla,For Sale,-,2 weeks ago,"File,Balloted,Sewerage,Electricity,Water Supply,Sui Gas,Boundary Wall",,,
238,Residential Plot,PKR22 Lakh,"LDA Road, Lahore, Punjab",-,5 Marla,For Sale,-,2 weeks ago,"File,Balloted,Sewerage,Electricity,Water Supply,Sui Gas,Boundary Wall",,,
239,Residential Plot,PKR25 Lakh,"LDA Road, Lahore, Punjab",-,5 Marla,For Sale,-,2 weeks ago,"Balloted,Sewerage,Electricity,Water Supply,Sui Gas,Boundary Wall",,,
240,Residential Plot,PKR38 Lakh,"LDA Road, Lahore, Punjab",-,10 Marla,For Sale,-,2 weeks ago,"File,Balloted,Sewerage,Electricity,Water Supply,Sui Gas,Boundary Wall",,,
241,Residential Plot,PKR23 Lakh,"LDA Road, Lahore, Punjab",-,5 Marla,For Sale,-,2 weeks ago,"Balloted,Sewerage,Electricity,Water Supply,Sui Gas,Boundary Wall",,,
242,Residential Plot,PKR78 Lakh,"LDA Road, Lahore, Punjab",-,1 Kanal,For Sale,-,4 days ago,,,,
243,Residential Plot,PKR75 Lakh,"LDA Road, Lahore, Punjab",-,1 Kanal,For Sale,-,4 days ago,,,,
244,Residential Plot,PKR75 Lakh,"LDA Road, Lahore, Punjab",-,1 Kanal,For Sale,-,4 days ago,,,,
245,Residential Plot,PKR36 Lakh,"LDA Road, Lahore, Punjab",-,5 Marla,For Sale,-,4 days ago,,,,
246,Residential Plot,PKR26 Lakh,"LDA Road, Lahore, Punjab",-,5 Marla,For Sale,-,4 days ago,,,,
247,Residential Plot,PKR19 Lakh,"LDA Road, Lahore, Punjab",-,5 Marla,For Sale,-,4 days ago,,,,
248,Residential Plot,PKR18 Lakh,"LDA Road, Lahore, Punjab",-,5 Marla,For Sale,-,4 days ago,,,,
249,Residential Plot,PKR32 Lakh,"LDA Road, Lahore, Punjab",-,5 Marla,For Sale,-,4 days ago,,,,
250,Residential Plot,PKR42 Lakh,"LDA Road, Lahore, Punjab",-,10 Marla,For Sale,-,2 weeks ago,,,,
251,Residential Plot,PKR59 Lakh,"LDA Road, Lahore, Punjab",-,1 Kanal,For Sale,-,2 weeks ago,,,,
252,Plot File,PKR21.5 Lakh,"LDA Road, Lahore, Punjab",-,5 Marla,For Sale,-,2 weeks ago,,,,
253,Residential Plot,PKR62 Lakh,"LDA Road, Lahore, Punjab",-,1 Kanal,For Sale,-,2 weeks ago,,,,
254,Residential Plot,PKR63 Lakh,"LDA Road, Lahore, Punjab",-,1 Kanal,For Sale,-,2 weeks ago,,,,
255,Residential Plot,PKR82 Lakh,"LDA Road, Lahore, Punjab",-,1 Kanal,For Sale,-,2 weeks ago,,,,
256,Residential Plot,PKR43 Lakh,"LDA Road, Lahore, Punjab",-,10 Marla,For Sale,-,2 weeks ago,,,,
257,Plot File,PKR35 Lakh,"LDA Road, Lahore, Punjab",-,10 Marla,For Sale,-,2 weeks ago,,,,
258,Residential Plot,PKR38 Lakh,"LDA Road, Lahore, Punjab",-,10 Marla,For Sale,-,2 weeks ago,,,,
259,Residential Plot,PKR20 Lakh,"LDA Road, Lahore, Punjab",-,5 Marla,For Sale,-,2 weeks ago,"File,Balloted,Sewerage,Electricity,Water Supply,Sui Gas,Boundary Wall",,,
260,Plot File,PKR21.5 Lakh,"LDA Road, Lahore, Punjab",-,5 Marla,For Sale,-,2 weeks ago,,,,
261,Residential Plot,PKR39 Lakh,"LDA Road, Lahore, Punjab",-,10 Marla,For Sale,-,2 weeks ago,"File,Balloted,Sewerage,Electricity,Water Supply,Sui Gas,Boundary Wall",,,
262,Residential Plot,PKR47 Lakh,"LDA Road, Lahore, Punjab",-,10 Marla,For Sale,-,2 weeks ago,,,,
263,Residential Plot,PKR73 Lakh,"LDA Road, Lahore, Punjab",-,1 Kanal,For Sale,-,2 weeks ago,,,,
264,Residential Plot,PKR60 Lakh,"LDA Road, Lahore, Punjab",-,1 Kanal,For Sale,-,2 weeks ago,,,,
265,Residential Plot,PKR61 Lakh,"LDA Road, Lahore, Punjab",-,1 Kanal,For Sale,-,2 weeks ago,,,,
266,Residential Plot,PKR34.5 Lakh,"LDA Road, Lahore, Punjab",-,10 Marla,For Sale,-,3 weeks ago,"Corner,Disputed,File,Balloted,Sewerage,Electricity,Water Supply,Sui Gas,Boundary Wall,Security Staff",,,
267,Residential Plot,PKR26 Lakh,"LDA Road, Lahore, Punjab",-,5 Marla,For Sale,-,4 days ago,,,,
268,Residential Plot,PKR38 Lakh,"LDA Road, Lahore, Punjab",-,5 Marla,For Sale,-,4 days ago,,,,
269,Residential Plot,PKR25 Lakh,"LDA Road, Lahore, Punjab",-,5 Marla,For Sale,-,4 days ago,,,,
270,Residential Plot,PKR24 Lakh,"LDA Road, Lahore, Punjab",-,5 Marla,For Sale,-,4 days ago,,,,
271,Residential Plot,PKR36 Lakh,"LDA Road, Lahore, Punjab",-,10 Marla,For Sale,-,4 days ago,,,,
272,Residential Plot,PKR78 Lakh,"LDA Road, Lahore, Punjab",-,1 Kanal,For Sale,-,4 days ago,,,,
273,Residential Plot,PKR26 Lakh,"LDA Road, Lahore, Punjab",-,5 Marla,For Sale,-,4 days ago,,,,
274,Residential Plot,PKR28 Lakh,"LDA Road, Lahore, Punjab",-,5 Marla,For Sale,-,4 days ago,,,,
275,Residential Plot,PKR57 Lakh,"LDA Road, Lahore, Punjab",-,1 Kanal,For Sale,-,3 weeks ago,Corner,,,
276,Plot File,PKR19 Lakh,"LDA Road, Lahore, Punjab",-,5 Marla,For Sale,-,3 weeks ago,,,,
277,Residential Plot,PKR23 Lakh,"LDA Road, Lahore, Punjab",-,5 Marla,For Sale,-,3 weeks ago,"File,Balloted,Sewerage,Electricity,Water Supply,Sui Gas,Boundary Wall",,,
278,Residential Plot,PKR37 Lakh,"LDA Road, Lahore, Punjab",-,10 Marla,For Sale,-,3 weeks ago,,,,
279,Residential Plot,PKR65 Lakh,"LDA Road, Lahore, Punjab",-,1 Kanal,For Sale,-,3 weeks ago,,,,
280,Residential Plot,PKR25 Lakh,"LDA Road, Lahore, Punjab",-,5 Marla,For Sale,-,3 weeks ago,,,,
281,Residential Plot,PKR28 Lakh,"LDA Road, Lahore, Punjab",-,10 Marla,For Sale,-,3 weeks ago,,,,
282,Plot File,PKR21.5 Lakh,"LDA Road, Lahore, Punjab",-,5 Marla,For Sale,-,4 weeks ago,,,,
283,Residential Plot,PKR43 Lakh,"LDA Road, Lahore, Punjab",-,5 Marla,For Sale,-,4 weeks ago,,,,
284,Residential Plot,PKR27 Lakh,"LDA Road, Lahore, Punjab",-,10 Marla,For Sale,-,4 weeks ago,,,,
285,Plot File,PKR20 Lakh,"LDA Road, Lahore, Punjab",-,5 Marla,For Sale,-,4 weeks ago,,,,
286,Plot File,PKR63 Lakh,"LDA Road, Lahore, Punjab",-,1 Kanal,For Sale,-,4 weeks ago,,,,
287,Plot File,PKR33 Lakh,"LDA Road, Lahore, Punjab",-,10 Marla,For Sale,-,4 weeks ago,,,,
288,Plot File,PKR23 Lakh,"LDA Road, Lahore, Punjab",-,5 Marla,For Sale,-,4 weeks ago,,,,
289,Commercial Plot,PKR2.61 Crore,"LDA Road, Lahore, Punjab",-,1 Kanal,For Sale,-,1 day ago,,,,
290,Plot File,PKR33 Lakh,"LDA Road, Lahore, Punjab",-,10 Marla,For Sale,-,4 weeks ago,,,,
291,Residential Plot,PKR24 Lakh,"LDA Road, Lahore, Punjab",-,5 Marla,For Sale,-,4 weeks ago,"Disputed,File,Balloted,Sewerage,Electricity,Water Supply,Sui Gas,Boundary Wall,Security Staff",,,
292,Residential Plot,PKR2 Crore,"LDA Road, Lahore, Punjab",-,1 Kanal,For Sale,-,4 days ago,,,,
293,Residential Plot,PKR23 Lakh,"LDA Road, Lahore, Punjab",-,5 Marla,For Sale,-,5 days ago,,,,
294,Residential Plot,PKR32.5 Lakh,"LDA Road, Lahore, Punjab",-,10 Marla,For Sale,-,5 days ago,,,,
295,Residential Plot,PKR63.5 Lakh,"LDA Road, Lahore, Punjab",-,1 Kanal,For Sale,-,5 days ago,,,,
296,Residential Plot,PKR1.25 Crore,"LDA Road, Lahore, Punjab",-,1 Kanal,For Sale,-,5 days ago,,,,
297,Residential Plot,PKR65 Lakh,"LDA Road, Lahore, Punjab",-,10 Marla,For Sale,-,5 days ago,,,,
298,Residential Plot,PKR22 Lakh,"LDA Road, Lahore, Punjab",-,5 Marla,For Sale,-,5 days ago,,,,
299,Residential Plot,PKR62 Lakh,"LDA Road, Lahore, Punjab",-,1 Kanal,For Sale,-,5 days ago,,,,
300,Residential Plot,PKR36 Lakh,"LDA Road, Lahore, Punjab",-,10 Marla,For Sale,-,5 days ago,,,,
301,Residential Plot,PKR17 Lakh,"LDA Road, Lahore, Punjab",-,5 Marla,For Sale,-,5 days ago,,,,
302,Residential Plot,PKR24 Lakh,"LDA Road, Lahore, Punjab",-,5 Marla,For Sale,-,5 days ago,,,,
303,Residential Plot,PKR35 Lakh,"LDA Road, Lahore, Punjab",-,10 Marla,For Sale,-,5 days ago,,,,
304,Residential Plot,PKR30 Lakh,"LDA Road, Lahore, Punjab",-,5 Marla,For Sale,-,5 days ago,,,,
305,Residential Plot,PKR1.1 Crore,"LDA Road, Lahore, Punjab",-,1 Kanal,For Sale,-,5 days ago,,,,
306,Residential Plot,PKR17 Lakh,"LDA Road, Lahore, Punjab",-,5 Marla,For Sale,-,5 days ago,,,,
307,Residential Plot,PKR18 Lakh,"LDA Road, Lahore, Punjab",-,5 Marla,For Sale,-,5 days ago,,,,
308,Residential Plot,PKR24 Lakh,"LDA Road, Lahore, Punjab",-,5 Marla,For Sale,-,5 days ago,,,,
309,Residential Plot,PKR36 Lakh,"LDA Road, Lahore, Punjab",-,5 Marla,For Sale,-,5 days ago,,,,
310,Residential Plot,PKR21 Lakh,"LDA Road, Lahore, Punjab",-,5 Marla,For Sale,-,5 days ago,,,,
311,Residential Plot,PKR23 Lakh,"LDA Road, Lahore, Punjab",-,5 Marla,For Sale,-,5 days ago,,,,
312,Residential Plot,PKR25 Lakh,"LDA Road, Lahore, Punjab",-,5 Marla,For Sale,-,5 days ago,,,,
313,Residential Plot,PKR22 Lakh,"LDA Road, Lahore, Punjab",-,5 Marla,For Sale,-,5 days ago,,,,
314,Residential Plot,PKR34 Lakh,"LDA Road, Lahore, Punjab",-,10 Marla,For Sale,-,5 days ago,,,,
315,Residential Plot,PKR68 Lakh,"LDA Road, Lahore, Punjab",-,1 Kanal,For Sale,-,5 days ago,,,,
316,Residential Plot,PKR36 Lakh,"LDA Road, Lahore, Punjab",-,10 Marla,For Sale,-,5 days ago,,,,
317,Residential Plot,PKR18 Lakh,"LDA Road, Lahore, Punjab",-,5 Marla,For Sale,-,5 days ago,,,,
318,Plot File,PKR31 Lakh,"LDA Road, Lahore, Punjab",-,10 Marla,For Sale,-,5 days ago,,,,
319,Plot File,PKR21 Lakh,"LDA Road, Lahore, Punjab",-,5 Marla,For Sale,-,5 days ago,,,,
320,Plot File,PKR63 Lakh,"LDA Road, Lahore, Punjab",-,1 Kanal,For Sale,-,5 days ago,,,,
321,Residential Plot,PKR18 Lakh,"LDA Road, Lahore, Punjab",-,5 Marla,For Sale,-,5 days ago,"Sewerage,Electricity,Water Supply",,,
322,Residential Plot,PKR22 Lakh,"LDA Road, Lahore, Punjab",-,5 Marla,For Sale,-,5 hours ago,,,,
323,Residential Plot,PKR22 Lakh,"LDA Road, Lahore, Punjab",-,5 Marla,For Sale,-,6 days ago,,,,
324,Residential Plot,PKR40 Lakh,"LDA Road, Lahore, Punjab",-,10 Marla,For Sale,-,6 days ago,,,,
325,Residential Plot,PKR43 Lakh,"LDA Road, Lahore, Punjab",-,5 Marla,For Sale,-,6 days ago,,,,
326,Residential Plot,PKR24 Lakh,"LDA Road, Lahore, Punjab",-,5 Marla,For Sale,-,6 days ago,,,,
327,Residential Plot,PKR19 Lakh,"LDA Road, Lahore, Punjab",-,5 Marla,For Sale,-,6 days ago,,,,
328,Residential Plot,PKR21 Lakh,"LDA Road, Lahore, Punjab",-,5 Marla,For Sale,-,6 days ago,"Park Facing,Disputed,File,Balloted,Sewerage,Electricity,Water Supply,Sui Gas,Boundary Wall",,,
329,Residential Plot,PKR21 Lakh,"LDA Road, Lahore, Punjab",-,5 Marla,For Sale,-,6 days ago,"Park Facing,Disputed,File,Balloted,Sewerage,Electricity,Water Supply,Sui Gas,Boundary Wall",,,
330,Residential Plot,PKR22 Lakh,"LDA Road, Lahore, Punjab",-,5 Marla,For Sale,-,6 days ago,"Park Facing,Disputed,File,Balloted,Sewerage,Electricity,Water Supply,Sui Gas,Boundary Wall",,,
331,Residential Plot,PKR68 Lakh,"LDA Road, Lahore, Punjab",-,1 Kanal,For Sale,-,5 hours ago,,,,
332,Residential Plot,PKR26 Lakh,"LDA Road, Lahore, Punjab",-,5 Marla,For Sale,-,5 hours ago,,,,
333,Residential Plot,PKR37 Lakh,"LDA Road, Lahore, Punjab",-,10 Marla,For Sale,-,5 hours ago,,,,
334,Residential Plot,PKR30 Lakh,"LDA Road, Lahore, Punjab",-,5 Marla,For Sale,-,5 hours ago,,,,
335,Residential Plot,PKR37 Lakh,"LDA Road, Lahore, Punjab",-,10 Marla,For Sale,-,6 days ago,,,,
336,Residential Plot,PKR28 Lakh,"LDA Road, Lahore, Punjab",-,5 Marla,For Sale,-,6 days ago,"Corner,Balloted,Electricity",,,
337,Residential Plot,PKR19 Lakh,"LDA Road, Lahore, Punjab",-,5 Marla,For Sale,-,6 days ago,"Corner,Disputed,Balloted,Electricity",,,
338,Residential Plot,PKR34 Lakh,"LDA Road, Lahore, Punjab",-,10 Marla,For Sale,-,6 days ago,,,,
339,Residential Plot,PKR19 Lakh,"LDA Road, Lahore, Punjab",-,5 Marla,For Sale,-,6 days ago,,,,
340,Residential Plot,PKR18 Lakh,"LDA Road, Lahore, Punjab",-,5 Marla,For Sale,-,6 hours ago,,,,
341,Residential Plot,PKR65 Lakh,"LDA Road, Lahore, Punjab",-,1 Kanal,For Sale,-,6 hours ago,,,,
342,Residential Plot,PKR64 Lakh,"LDA Road, Lahore, Punjab",-,1 Kanal,For Sale,-,6 hours ago,,,,
343,Residential Plot,PKR36 Lakh,"LDA Road, Lahore, Punjab",-,10 Marla,For Sale,-,6 hours ago,,,,
344,Residential Plot,PKR35 Lakh,"LDA Road, Lahore, Punjab",-,10 Marla,For Sale,-,6 days ago,,,,
345,Plot File,PKR19 Lakh,"LDA Road, Lahore, Punjab",-,5 Marla,For Sale,-,6 days ago,,,,
346,Residential Plot,PKR66 Lakh,"LDA Road, Lahore, Punjab",-,1 Kanal,For Sale,-,6 days ago,,,,
347,Residential Plot,PKR44 Lakh,"LDA Road, Lahore, Punjab",-,5 Marla,For Sale,-,6 days ago,,,,
348,Plot File,PKR20.75 Lakh,"LDA Road, Lahore, Punjab",-,5 Marla,For Sale,-,6 hours ago,,,,
349,Residential Plot,PKR19 Lakh,"LDA Road, Lahore, Punjab",-,5 Marla,For Sale,-,6 hours ago,"Sewerage,Electricity,Water Supply",,,
350,Residential Plot,PKR60 Lakh,"LDA Road, Lahore, Punjab",-,1 Kanal,For Sale,-,6 days ago,"Sewerage,Electricity,Water Supply",,,
351,Residential Plot,PKR36 Lakh,"LDA Road, Lahore, Punjab",-,10 Marla,For Sale,-,6 days ago,"Sewerage,Electricity,Water Supply",,,
352,Residential Plot,PKR65 Lakh,"LDA Road, Lahore, Punjab",-,1 Kanal,For Sale,-,6 days ago,"Sewerage,Electricity,Water Supply",,,
353,Residential Plot,PKR35 Lakh,"LDA Road, Lahore, Punjab",-,10 Marla,For Sale,-,6 days ago,"Sewerage,Electricity,Water Supply",,,
354,Residential Plot,PKR60 Lakh,"LDA Road, Lahore, Punjab",-,1 Kanal,For Sale,-,6 days ago,"Sewerage,Electricity,Water Supply",,,
355,Residential Plot,PKR22 Lakh,"LDA Road, Lahore, Punjab",-,5 Marla,For Sale,-,6 hours ago,"Sewerage,Electricity,Water Supply",,,
356,Residential Plot,PKR18 Lakh,"LDA Road, Lahore, Punjab",-,5 Marla,For Sale,-,1 week ago,,,,
357,Residential Plot,PKR35 Lakh,"LDA Road, Lahore, Punjab",-,10 Marla,For Sale,-,1 week ago,,,,
358,Residential Plot,PKR55 Lakh,"LDA Road, Lahore, Punjab",-,1 Kanal,For Sale,-,1 week ago,,,,
359,Residential Plot,PKR67 Lakh,"LDA Road, Lahore, Punjab",-,1 Kanal,For Sale,-,1 week ago,,,,
360,Residential Plot,PKR37 Lakh,"LDA Road, Lahore, Punjab",-,10 Marla,For Sale,-,1 week ago,,,,
361,Residential Plot,PKR21 Lakh,"LDA Road, Lahore, Punjab",-,5 Marla,For Sale,-,1 week ago,,,,
362,Residential Plot,PKR61 Lakh,"LDA Road, Lahore, Punjab",-,1 Kanal,For Sale,-,1 week ago,,,,
363,Residential Plot,PKR18.5 Lakh,"LDA Road, Lahore, Punjab",-,5 Marla,For Sale,-,1 week ago,,,,
364,Residential Plot,PKR31 Lakh,"LDA Road, Lahore, Punjab",-,10 Marla,For Sale,-,1 week ago,,,,
365,Residential Plot,PKR36 Lakh,"LDA Road, Lahore, Punjab",-,10 Marla,For Sale,-,1 week ago,"Sewerage,Electricity,Water Supply,Boundary Wall",,,
366,Residential Plot,PKR95 Lakh,"LDA Road, Lahore, Punjab",-,10 Marla,For Sale,-,1 week ago,"Possesion,Sewerage,Electricity,Water Supply,Sui Gas",,,
367,Residential Plot,PKR38 Lakh,"LDA Road, Lahore, Punjab",-,10 Marla,For Sale,-,1 week ago,"File,Balloted,Sewerage,Electricity,Water Supply,Sui Gas,Boundary Wall",,,
368,Residential Plot,PKR42 Lakh,"LDA Road, Lahore, Punjab",-,10 Marla,For Sale,-,1 week ago,"File,Balloted,Sewerage,Electricity,Water Supply,Sui Gas,Boundary Wall",,,
369,Residential Plot,PKR25 Lakh,"LDA Road, Lahore, Punjab",-,5 Marla,For Sale,-,1 week ago,"File,Balloted,Sewerage,Electricity,Water Supply,Sui Gas,Boundary Wall",,,
370,Residential Plot,PKR23 Lakh,"LDA Road, Lahore, Punjab",-,5 Marla,For Sale,-,1 week ago,"File,Balloted,Sewerage,Electricity,Water Supply,Sui Gas,Boundary Wall",,,
371,Residential Plot,PKR40 Lakh,"LDA Road, Lahore, Punjab",-,10 Marla,For Sale,-,1 week ago,"File,Balloted,Sewerage,Electricity,Water Supply,Sui Gas,Boundary Wall",,,
372,Residential Plot,PKR40 Lakh,"LDA Road, Lahore, Punjab",-,10 Marla,For Sale,-,1 week ago,"File,Balloted,Sewerage,Electricity,Water Supply,Sui Gas,Boundary Wall",,,
373,Residential Plot,PKR31 Lakh,"LDA Road, Lahore, Punjab",-,5 Marla,For Sale,-,1 week ago,,,,
374,Residential Plot,PKR25 Lakh,"LDA Road, Lahore, Punjab",-,5 Marla,For Sale,-,1 week ago,,,,
375,Residential Plot,PKR23 Lakh,"LDA Road, Lahore, Punjab",-,5 Marla,For Sale,-,1 week ago,,,,
376,Residential Plot,PKR38 Lakh,"LDA Road, Lahore, Punjab",-,10 Marla,For Sale,-,1 week ago,,,,
377,Residential Plot,PKR25 Lakh,"LDA Road, Lahore, Punjab",-,5 Marla,For Sale,-,1 week ago,"File,Balloted,Sewerage,Electricity,Water Supply,Sui Gas,Boundary Wall",,,
378,Residential Plot,PKR40 Lakh,"LDA Road, Lahore, Punjab",-,10 Marla,For Sale,-,1 week ago,"File,Balloted,Sewerage,Electricity,Water Supply,Sui Gas,Boundary Wall",,,
379,Residential Plot,PKR38 Lakh,"LDA Road, Lahore, Punjab",-,10 Marla,For Sale,-,1 week ago,"File,Balloted,Sewerage,Electricity,Water Supply,Sui Gas,Boundary Wall",,,
380,Residential Plot,PKR90 Lakh,"LDA Road, Lahore, Punjab",-,1 Kanal,For Sale,-,1 week ago,,,,
381,Plot File,PKR35 Lakh,"LDA Road, Lahore, Punjab",-,10 Marla,For Sale,-,1 week ago,,,,
382,Plot File,PKR22.5 Lakh,"LDA Road, Lahore, Punjab",-,5 Marla,For Sale,-,1 week ago,,,,
383,Residential Plot,PKR71 Lakh,"LDA Road, Lahore, Punjab",-,1 Kanal,For Sale,-,1 week ago,,,,
384,Residential Plot,PKR21 Lakh,"LDA Road, Lahore, Punjab",-,5 Marla,For Sale,-,1 week ago,,,,
385,Residential Plot,PKR21 Lakh,"LDA Road, Lahore, Punjab",-,5 Marla,For Sale,-,1 week ago,"Park Facing,Disputed,File,Balloted,Sewerage,Electricity,Water Supply,Sui Gas,Boundary Wall",,,
386,Residential Plot,PKR56 Lakh,"LDA Road, Lahore, Punjab",-,1 Kanal,For Sale,-,1 week ago,,,,
387,Residential Plot,PKR35 Lakh,"LDA Road, Lahore, Punjab",-,10 Marla,For Sale,-,1 week ago,,,,
388,Residential Plot,PKR21.5 Lakh,"LDA Road, Lahore, Punjab",-,5 Marla,For Sale,-,1 week ago,,,,
389,Plot File,PKR58 Lakh,"LDA Road, Lahore, Punjab",-,1 Kanal,For Sale,-,1 week ago,,,,
390,Plot File,PKR32 Lakh,"LDA Road, Lahore, Punjab",-,10 Marla,For Sale,-,1 week ago,,,,
391,Plot File,PKR21 Lakh,"LDA Road, Lahore, Punjab",-,5 Marla,For Sale,-,1 week ago,,,,
392,Residential Plot,PKR21 Lakh,"LDA Road, Lahore, Punjab",-,5 Marla,For Sale,-,1 week ago,,,,
393,Residential Plot,PKR18 Lakh,"LDA Road, Lahore, Punjab",-,5 Marla,For Sale,-,1 week ago,,,,
394,Residential Plot,PKR18.5 Lakh,"LDA Road, Lahore, Punjab",-,5 Marla,For Sale,-,1 week ago,,,,
395,Residential Plot,PKR22.5 Lakh,"LDA Road, Lahore, Punjab",-,5 Marla,For Sale,-,5 hours ago,,,,
396,Residential Plot,PKR36 Lakh,"LDA Road, Lahore, Punjab",-,10 Marla,For Sale,-,1 week ago,,,,
397,Residential Plot,PKR18 Lakh,"LDA Road, Lahore, Punjab",-,5 Marla,For Sale,-,1 week ago,"Sewerage,Electricity,Water Supply,Boundary Wall",,,
398,Residential Plot,PKR32 Lakh,"LDA Road, Lahore, Punjab",-,5 Marla,For Sale,-,1 week ago,"Sewerage,Electricity,Water Supply,Boundary Wall",,,
399,Residential Plot,PKR51 Lakh,"LDA Road, Lahore, Punjab",-,10 Marla,For Sale,-,1 week ago,,,,
400,Residential Plot,PKR30 Lakh,"LDA Road, Lahore, Punjab",-,10 Marla,For Sale,-,1 week ago,"Balloted,Sewerage,Electricity,Water Supply,Sui Gas,Boundary Wall",,,
401,Residential Plot,PKR65 Lakh,"LDA Road, Lahore, Punjab",-,1 Kanal,For Sale,-,1 week ago,"Balloted,Sewerage,Electricity,Water Supply,Sui Gas,Boundary Wall",,,
402,Residential Plot,PKR21 Lakh,"LDA Road, Lahore, Punjab",-,5 Marla,For Sale,-,1 week ago,,,,
403,Residential Plot,PKR24 Lakh,"LDA Road, Lahore, Punjab",6,5 Marla,For Sale,7,1 week ago,,,,
404,Residential Plot,PKR37 Lakh,"LDA Road, Lahore, Punjab",6,5 Marla,For Sale,7,1 week ago,,,,
405,Residential Plot,PKR36 Lakh,"LDA Road, Lahore, Punjab",-,10 Marla,For Sale,-,1 week ago,,,,
406,Residential Plot,PKR44 Lakh,"LDA Road, Lahore, Punjab",-,10 Marla,For Sale,-,1 week ago,,,,
407,Residential Plot,PKR75 Lakh,"LDA Road, Lahore, Punjab",-,1 Kanal,For Sale,-,1 week ago,,,,
408,Residential Plot,PKR51 Lakh,"LDA Road, Lahore, Punjab",-,10 Marla,For Sale,-,1 week ago,,,,
409,Residential Plot,PKR21 Lakh,"LDA Road, Lahore, Punjab",-,5 Marla,For Sale,-,1 week ago,,,,
410,Residential Plot,PKR75 Lakh,"LDA Road, Lahore, Punjab",-,1 Kanal,For Sale,-,1 week ago,,,,
411,Plot File,PKR60 Lakh,"LDA Road, Lahore, Punjab",-,10 Marla,For Sale,-,1 week ago,,,,
412,Residential Plot,PKR22 Lakh,"LDA Road, Lahore, Punjab",-,5 Marla,For Sale,-,2 weeks ago,,,,
413,Residential Plot,PKR45 Lakh,"LDA Road, Lahore, Punjab",-,10 Marla,For Sale,-,2 weeks ago,,,,
414,Residential Plot,PKR21 Lakh,"LDA Road, Lahore, Punjab",-,5 Marla,For Sale,-,2 weeks ago,,,,
415,Residential Plot,PKR60 Lakh,"LDA Road, Lahore, Punjab",-,1 Kanal,For Sale,-,2 weeks ago,,,,
416,Residential Plot,PKR21 Lakh,"LDA Road, Lahore, Punjab",-,5 Marla,For Sale,-,2 weeks ago,,,,
417,Residential Plot,PKR32.5 Lakh,"LDA Road, Lahore, Punjab",-,10 Marla,For Sale,-,2 weeks ago,,,,
418,Residential Plot,PKR18 Lakh,"LDA Road, Lahore, Punjab",-,5 Marla,For Sale,-,2 weeks ago,,,,
419,Residential Plot,PKR57 Lakh,"LDA Road, Lahore, Punjab",-,10 Marla,For Sale,-,2 weeks ago,,,,
420,Residential Plot,PKR38 Lakh,"LDA Road, Lahore, Punjab",-,10 Marla,For Sale,-,2 weeks ago,,,,
421,Residential Plot,PKR43 Lakh,"LDA Road, Lahore, Punjab",-,10 Marla,For Sale,-,2 weeks ago,,,,
422,Residential Plot,PKR59 Lakh,"LDA Road, Lahore, Punjab",-,10 Marla,For Sale,-,2 weeks ago,,,,
423,Residential Plot,PKR43 Lakh,"LDA Road, Lahore, Punjab",-,10 Marla,For Sale,-,2 weeks ago,,,,
424,Residential Plot,PKR22.5 Lakh,"LDA Road, Lahore, Punjab",-,5 Marla,For Sale,-,2 weeks ago,,,,
425,Residential Plot,PKR35 Lakh,"LDA Road, Lahore, Punjab",-,10 Marla,For Sale,-,2 weeks ago,,,,
426,Residential Plot,PKR20 Lakh,"LDA Road, Lahore, Punjab",-,5 Marla,For Sale,-,2 weeks ago,"Sewerage,Electricity,Water Supply",,,
427,Residential Plot,PKR19 Lakh,"LDA Road, Lahore, Punjab",-,5 Marla,For Sale,-,2 weeks ago,"Corner,Park Facing,File,Balloted,Sewerage,Electricity,Water Supply,Sui Gas,Boundary Wall",,,
428,Residential Plot,PKR20 Lakh,"LDA Road, Lahore, Punjab",-,5 Marla,For Sale,-,2 weeks ago,"Sewerage,Electricity,Water Supply",,,
429,Residential Plot,PKR42 Lakh,"LDA Road, Lahore, Punjab",-,10 Marla,For Sale,-,2 weeks ago,"Sewerage,Electricity,Water Supply",,,
430,Residential Plot,PKR52 Lakh,"LDA Road, Lahore, Punjab",-,10 Marla,For Sale,-,2 weeks ago,,,,
431,Residential Plot,PKR33 Lakh,"LDA Road, Lahore, Punjab",-,5 Marla,For Sale,-,2 weeks ago,,,,
432,Residential Plot,PKR39 Lakh,"LDA Road, Lahore, Punjab",-,5 Marla,For Sale,-,2 weeks ago,,,,
433,Residential Plot,PKR39 Lakh,"LDA Road, Lahore, Punjab",-,5 Marla,For Sale,-,2 weeks ago,,,,
434,Residential Plot,PKR66 Lakh,"LDA Road, Lahore, Punjab",-,10 Marla,For Sale,-,2 weeks ago,,,,
435,Residential Plot,PKR22.5 Lakh,"LDA Road, Lahore, Punjab",-,5 Marla,For Sale,-,2 weeks ago,,,,
436,Residential Plot,PKR45 Lakh,"LDA Road, Lahore, Punjab",-,10 Marla,For Sale,-,2 weeks ago,,,,
437,Residential Plot,PKR41.5 Lakh,"LDA Road, Lahore, Punjab",-,5 Marla,For Sale,-,5 hours ago,,,,
438,Residential Plot,PKR42 Lakh,"LDA Road, Lahore, Punjab",-,10 Marla,For Sale,-,2 weeks ago,,,,
439,Residential Plot,PKR82 Lakh,"LDA Road, Lahore, Punjab",-,1 Kanal,For Sale,-,2 weeks ago,,,,
440,Residential Plot,PKR36 Lakh,"LDA Road, Lahore, Punjab",-,10 Marla,For Sale,-,2 weeks ago,,,,
441,Residential Plot,PKR27 Lakh,"LDA Road, Lahore, Punjab",-,5 Marla,For Sale,-,2 weeks ago,,,,
442,Residential Plot,PKR20 Lakh,"LDA Road, Lahore, Punjab",-,5 Marla,For Sale,-,2 weeks ago,,,,
443,Residential Plot,PKR38 Lakh,"LDA Road, Lahore, Punjab",-,5 Marla,For Sale,-,2 weeks ago,,,,
444,Residential Plot,PKR75 Lakh,"LDA Road, Lahore, Punjab",-,1 Kanal,For Sale,-,2 weeks ago,,,,
445,Residential Plot,PKR38.5 Lakh,"LDA Road, Lahore, Punjab",-,10 Marla,For Sale,-,2 weeks ago,,,,
446,Residential Plot,PKR32 Lakh,"LDA Road, Lahore, Punjab",-,5 Marla,For Sale,-,2 weeks ago,,,,
447,Residential Plot,PKR25 Lakh,"LDA Road, Lahore, Punjab",-,5 Marla,For Sale,-,2 weeks ago,,,,
448,Residential Plot,PKR32 Lakh,"LDA Road, Lahore, Punjab",-,10 Marla,For Sale,-,2 weeks ago,,,,
449,Residential Plot,PKR18 Lakh,"LDA Road, Lahore, Punjab",-,5 Marla,For Sale,-,2 weeks ago,,,,
450,Residential Plot,PKR57 Lakh,"LDA Road, Lahore, Punjab",-,10 Marla,For Sale,-,2 weeks ago,"Sewerage,Electricity,Water Supply,Boundary Wall",,,
451,Residential Plot,PKR37 Lakh,"LDA Road, Lahore, Punjab",-,10 Marla,For Sale,-,5 hours ago,,,,
452,Residential Plot,PKR43 Lakh,"LDA Road, Lahore, Punjab",-,5 Marla,For Sale,-,2 weeks ago,,,,
453,Residential Plot,PKR1.05 Crore,"LDA Road, Lahore, Punjab",-,1 Kanal,For Sale,-,2 weeks ago,,,,
454,Residential Plot,PKR85 Lakh,"LDA Road, Lahore, Punjab",-,1 Kanal,For Sale,-,2 weeks ago,,,,
455,Residential Plot,PKR17.5 Lakh,"LDA Road, Lahore, Punjab",-,5 Marla,For Sale,-,2 weeks ago,,,,
456,Residential Plot,PKR61 Lakh,"LDA Road, Lahore, Punjab",-,10 Marla,For Sale,-,2 weeks ago,,,,
457,Residential Plot,PKR23.5 Lakh,"LDA Road, Lahore, Punjab",-,5 Marla,For Sale,-,2 weeks ago,,,,
458,Residential Plot,PKR32.5 Lakh,"LDA Road, Lahore, Punjab",-,5 Marla,For Sale,-,2 weeks ago,,,,
459,Plot File,PKR19.5 Lakh,"LDA Road, Lahore, Punjab",-,5 Marla,For Sale,-,2 weeks ago,,,,
460,Plot File,PKR32 Lakh,"LDA Road, Lahore, Punjab",-,10 Marla,For Sale,-,2 weeks ago,,,,
461,Residential Plot,PKR25 Lakh,"LDA Road, Lahore, Punjab",-,5 Marla,For Sale,-,2 weeks ago,,,,
462,Residential Plot,PKR31 Lakh,"LDA Road, Lahore, Punjab",-,5 Marla,For Sale,-,2 weeks ago,,,,
463,Residential Plot,PKR60 Lakh,"LDA Road, Lahore, Punjab",-,1 Kanal,For Sale,-,2 weeks ago,,,,
464,Residential Plot,PKR40 Lakh,"LDA Road, Lahore, Punjab",-,10 Marla,For Sale,-,2 weeks ago,,,,
465,Residential Plot,PKR36 Lakh,"LDA Road, Lahore, Punjab",-,10 Marla,For Sale,-,1 day ago,,,,
466,Residential Plot,PKR1.1 Crore,"LDA Road, Lahore, Punjab",-,1 Kanal,For Sale,-,1 day ago,,,,
467,Residential Plot,PKR30 Lakh,"LDA Road, Lahore, Punjab",-,5 Marla,For Sale,-,1 day ago,,,,
468,Residential Plot,PKR66 Lakh,"LDA Road, Lahore, Punjab",-,1 Kanal,For Sale,-,2 weeks ago,,,,
469,Residential Plot,PKR33 Lakh,"LDA Road, Lahore, Punjab",-,10 Marla,For Sale,-,2 weeks ago,,,,
470,Residential Plot,PKR26 Lakh,"LDA Road, Lahore, Punjab",-,5 Marla,For Sale,-,2 weeks ago,,,,
471,Plot File,PKR21 Lakh,"LDA Road, Lahore, Punjab",-,5 Marla,For Sale,-,2 weeks ago,,,,
472,Residential Plot,PKR55 Lakh,"LDA Road, Lahore, Punjab",-,1 Kanal,For Sale,-,2 weeks ago,,,,
473,Residential Plot,PKR26 Lakh,"LDA Road, Lahore, Punjab",-,5 Marla,For Sale,-,2 weeks ago,,,,
474,Residential Plot,PKR80 Lakh,"LDA Road, Lahore, Punjab",-,1 Kanal,For Sale,-,2 weeks ago,,,,
475,Residential Plot,PKR45 Lakh,"LDA Road, Lahore, Punjab",-,10 Marla,For Sale,-,2 weeks ago,,,,
476,Residential Plot,PKR41 Lakh,"LDA Road, Lahore, Punjab",-,10 Marla,For Sale,-,2 weeks ago,,,,
477,Residential Plot,PKR75 Lakh,"LDA Road, Lahore, Punjab",-,1 Kanal,For Sale,-,2 weeks ago,Park Facing,,,
478,Residential Plot,PKR73 Lakh,"LDA Road, Lahore, Punjab",-,1 Kanal,For Sale,-,2 weeks ago,,,,
479,Residential Plot,PKR28 Lakh,"LDA Road, Lahore, Punjab",-,5 Marla,For Sale,-,2 weeks ago,,,,
480,Residential Plot,PKR41 Lakh,"LDA Road, Lahore, Punjab",-,10 Marla,For Sale,-,2 weeks ago,,,,
481,Residential Plot,PKR65 Lakh,"LDA Road, Lahore, Punjab",-,1 Kanal,For Sale,-,2 weeks ago,"Nearby Schools,Nearby Hospitals,Nearby Shopping Malls",,,
482,Residential Plot,PKR22 Lakh,"LDA Road, Lahore, Punjab",-,5 Marla,For Sale,-,2 weeks ago,"Sewerage,Electricity,Water Supply",,,
483,Residential Plot,PKR62 Lakh,"LDA Road, Lahore, Punjab",-,10 Marla,For Sale,-,2 weeks ago,"Sewerage,Electricity,Water Supply",,,
484,Residential Plot,PKR42 Lakh,"LDA Road, Lahore, Punjab",-,10 Marla,For Sale,-,2 weeks ago,"Sewerage,Electricity,Water Supply",,,
485,Residential Plot,PKR58 Lakh,"LDA Road, Lahore, Punjab",-,1 Kanal,For Sale,-,2 weeks ago,"Sewerage,Electricity,Water Supply",,,
486,Residential Plot,PKR31 Lakh,"LDA Road, Lahore, Punjab",-,10 Marla,For Sale,-,2 weeks ago,"Sewerage,Electricity,Water Supply",,,
487,Residential Plot,PKR39 Lakh,"LDA Road, Lahore, Punjab",-,10 Marla,For Sale,-,2 weeks ago,"Sewerage,Electricity,Water Supply",,,
488,Residential Plot,PKR37 Lakh,"LDA Road, Lahore, Punjab",-,10 Marla,For Sale,-,2 weeks ago,"Sewerage,Electricity,Water Supply",,,
489,Residential Plot,PKR37 Lakh,"LDA Road, Lahore, Punjab",-,5 Marla,For Sale,-,2 weeks ago,"Sewerage,Electricity,Water Supply",,,
490,Residential Plot,PKR5 Crore,"LDA Road, Lahore, Punjab",-,2 Kanal,For Sale,-,2 weeks ago,"Sewerage,Electricity,Water Supply",,,
491,Plot File,PKR60 Lakh,"LDA Road, Lahore, Punjab",-,1 Kanal,For Sale,-,2 weeks ago,,,,
492,Plot File,PKR22.5 Lakh,"LDA Road, Lahore, Punjab",-,5 Marla,For Sale,-,2 weeks ago,,,,
493,Residential Plot,PKR36 Lakh,"LDA Road, Lahore, Punjab",-,10 Marla,For Sale,-,2 weeks ago,"File,Balloted,Sewerage,Electricity,Water Supply,Sui Gas,Boundary Wall",,,
494,Residential Plot,PKR63 Lakh,"LDA Road, Lahore, Punjab",-,1 Kanal,For Sale,-,2 weeks ago,"Balloted,Sewerage,Electricity,Water Supply,Sui Gas,Boundary Wall",,,
495,Residential Plot,PKR35 Lakh,"LDA Road, Lahore, Punjab",-,10 Marla,For Sale,-,2 weeks ago,"File,Balloted,Sewerage,Electricity,Water Supply,Sui Gas,Boundary Wall",,,
496,Plot File,PKR36 Lakh,"LDA Road, Lahore, Punjab",-,10 Marla,For Sale,-,2 weeks ago,,,,
497,Residential Plot,PKR22 Lakh,"LDA Road, Lahore, Punjab",-,5 Marla,For Sale,-,2 weeks ago,"File,Balloted,Sewerage,Electricity,Water Supply,Sui Gas,Boundary Wall",,,
498,Residential Plot,PKR62 Lakh,"LDA Road, Lahore, Punjab",-,1 Kanal,For Sale,-,2 weeks ago,,,,
499,Residential Plot,PKR75 Lakh,"LDA Road, Lahore, Punjab",-,1 Kanal,For Sale,-,2 weeks ago,,,,
500,Residential Plot,PKR63 Lakh,"LDA Road, Lahore, Punjab",-,1 Kanal,For Sale,-,2 weeks ago,,,,
501,Residential Plot,PKR36.5 Lakh,"LDA Road, Lahore, Punjab",-,10 Marla,For Sale,-,2 weeks ago,,,,
502,Residential Plot,PKR95 Lakh,"LDA Road, Lahore, Punjab",-,1 Kanal,For Sale,-,2 weeks ago,,,,
503,Residential Plot,PKR73 Lakh,"LDA Road, Lahore, Punjab",-,1 Kanal,For Sale,-,2 weeks ago,,,,
504,Plot File,PKR20 Lakh,"LDA Road, Lahore, Punjab",-,5 Marla,For Sale,-,2 weeks ago,,,,
505,Residential Plot,PKR34.5 Lakh,"LDA Road, Lahore, Punjab",-,10 Marla,For Sale,-,2 weeks ago,"Corner,Disputed,File,Balloted,Sewerage,Electricity,Water Supply,Sui Gas,Boundary Wall,Security Staff",,,
506,Residential Plot,PKR66 Lakh,"LDA Road, Lahore, Punjab",-,1 Kanal,For Sale,-,3 weeks ago,,,,
507,Residential Plot,PKR45 Lakh,"LDA Road, Lahore, Punjab",-,10 Marla,For Sale,-,3 weeks ago,,,,
508,Residential Plot,PKR38 Lakh,"LDA Road, Lahore, Punjab",-,5 Marla,For Sale,-,3 weeks ago,,,,
509,Residential Plot,PKR31 Lakh,"LDA Road, Lahore, Punjab",-,5 Marla,For Sale,-,3 weeks ago,,,,
510,Residential Plot,PKR22 Lakh,"LDA Road, Lahore, Punjab",-,5 Marla,For Sale,-,3 weeks ago,,,,
511,Residential Plot,PKR59 Lakh,"LDA Road, Lahore, Punjab",-,10 Marla,For Sale,-,3 weeks ago,,,,
512,Residential Plot,PKR29 Lakh,"LDA Road, Lahore, Punjab",-,5 Marla,For Sale,-,3 weeks ago,,,,
513,Residential Plot,PKR37.5 Lakh,"LDA Road, Lahore, Punjab",-,5 Marla,For Sale,-,3 weeks ago,,,,
514,Residential Plot,PKR22 Lakh,"LDA Road, Lahore, Punjab",-,5 Marla,For Sale,-,3 weeks ago,,,,
515,Residential Plot,PKR37 Lakh,"LDA Road, Lahore, Punjab",-,10 Marla,For Sale,-,3 weeks ago,,,,
516,Plot File,PKR30 Lakh,"LDA Road, Lahore, Punjab",-,10 Marla,For Sale,-,3 weeks ago,,,,
517,Residential Plot,PKR18.5 Lakh,"LDA Road, Lahore, Punjab",-,5 Marla,For Sale,-,3 weeks ago,,,,
518,Residential Plot,PKR37 Lakh,"LDA Road, Lahore, Punjab",-,10 Marla,For Sale,-,3 weeks ago,,,,
519,Residential Plot,PKR38 Lakh,"LDA Road, Lahore, Punjab",-,5 Marla,For Sale,-,3 weeks ago,,,,
520,Residential Plot,PKR21 Lakh,"LDA Road, Lahore, Punjab",-,5 Marla,For Sale,-,3 weeks ago,"Balloted,Sewerage,Electricity,Water Supply",,,
521,Residential Plot,PKR45 Lakh,"LDA Road, Lahore, Punjab",-,10 Marla,For Sale,-,3 weeks ago,"Sewerage,Electricity,Water Supply",,,
522,Residential Plot,PKR20 Lakh,"LDA Road, Lahore, Punjab",-,5 Marla,For Sale,-,3 weeks ago,"Sewerage,Electricity,Water Supply",,,
523,Residential Plot,PKR40 Lakh,"LDA Road, Lahore, Punjab",-,10 Marla,For Sale,-,3 weeks ago,,,,
524,Residential Plot,PKR32 Lakh,"LDA Road, Lahore, Punjab",-,5 Marla,For Sale,-,10 hours ago,"Sewerage,Electricity,Water Supply",,,
525,Residential Plot,PKR65 Lakh,"LDA Road, Lahore, Punjab",-,10 Marla,For Sale,-,3 weeks ago,,,,
526,Residential Plot,PKR35 Lakh,"LDA Road, Lahore, Punjab",-,5 Marla,For Sale,-,3 weeks ago,,,,
527,Residential Plot,PKR19 Lakh,"LDA Road, Lahore, Punjab",-,5 Marla,For Sale,-,3 weeks ago,,,,
528,Residential Plot,PKR43 Lakh,"LDA Road, Lahore, Punjab",-,5 Marla,For Sale,-,3 weeks ago,,,,
529,Residential Plot,PKR19.5 Lakh,"LDA Road, Lahore, Punjab",-,5 Marla,For Sale,-,3 weeks ago,,,,
530,Plot File,PKR21 Lakh,"LDA Road, Lahore, Punjab",-,5 Marla,For Sale,-,3 weeks ago,,,,
531,Residential Plot,PKR18 Lakh,"LDA Road, Lahore, Punjab",-,5 Marla,For Sale,-,3 weeks ago,,,,
532,Residential Plot,PKR43 Lakh,"LDA Road, Lahore, Punjab",-,5 Marla,For Sale,-,3 weeks ago,,,,
533,Residential Plot,PKR32 Lakh,"LDA Road, Lahore, Punjab",-,10 Marla,For Sale,-,3 weeks ago,"Sewerage,Electricity,Water Supply,Boundary Wall",,,
534,Residential Plot,PKR57 Lakh,"LDA Road, Lahore, Punjab",-,10 Marla,For Sale,-,3 weeks ago,,,,
535,Residential Plot,PKR21 Lakh,"LDA Road, Lahore, Punjab",-,5 Marla,For Sale,-,3 weeks ago,,,,
536,Plot File,PKR32.75 Lakh,"LDA Road, Lahore, Punjab",-,10 Marla,For Sale,-,3 weeks ago,,,,
537,Plot File,PKR63 Lakh,"LDA Road, Lahore, Punjab",-,1 Kanal,For Sale,-,3 weeks ago,,,,
538,Plot File,PKR21 Lakh,"LDA Road, Lahore, Punjab",-,5 Marla,For Sale,-,3 weeks ago,,,,
539,Residential Plot,PKR64 Lakh,"LDA Road, Lahore, Punjab",-,10 Marla,For Sale,-,3 weeks ago,,,,
540,Residential Plot,PKR1.25 Crore,"LDA Road, Lahore, Punjab",-,1 Kanal,For Sale,-,3 weeks ago,,,,
541,Residential Plot,PKR1.25 Crore,"LDA Road, Lahore, Punjab",-,1 Kanal,For Sale,-,3 weeks ago,,,,
542,Residential Plot,PKR41 Lakh,"LDA Road, Lahore, Punjab",-,10 Marla,For Sale,-,3 weeks ago,,,,
543,Plot File,PKR22 Lakh,"LDA Road, Lahore, Punjab",-,5 Marla,For Sale,-,3 weeks ago,,,,
544,Residential Plot,PKR20.5 Lakh,"LDA Road, Lahore, Punjab",-,5 Marla,For Sale,-,3 weeks ago,,,,
545,Residential Plot,PKR17.5 Lakh,"LDA Road, Lahore, Punjab",-,5 Marla,For Sale,-,3 weeks ago,"Disputed,File,Balloted,Sewerage,Electricity,Water Supply,Sui Gas,Boundary Wall,Security Staff",,,
546,Residential Plot,PKR40 Lakh,"LDA Road, Lahore, Punjab",-,5 Marla,For Sale,-,3 weeks ago,,,,
547,Residential Plot,PKR24.5 Lakh,"LDA Road, Lahore, Punjab",-,5 Marla,For Sale,-,3 weeks ago,,,,
548,Plot File,PKR42 Lakh,"LDA Road, Lahore, Punjab",-,10 Marla,For Sale,-,3 weeks ago,,,,
549,Plot File,PKR33 Lakh,"LDA Road, Lahore, Punjab",-,10 Marla,For Sale,-,3 weeks ago,,,,
550,Plot File,PKR33 Lakh,"LDA Road, Lahore, Punjab",-,10 Marla,For Sale,-,3 weeks ago,,,,
551,Residential Plot,PKR55 Lakh,"LDA Road, Lahore, Punjab",-,10 Marla,For Sale,-,4 weeks ago,,,,
552,Residential Plot,PKR42 Lakh,"LDA Road, Lahore, Punjab",-,10 Marla,For Sale,-,4 weeks ago,"Park Facing,File,Balloted,Sewerage,Electricity,Water Supply,Sui Gas,Boundary Wall",,,
553,Residential Plot,PKR55 Lakh,"LDA Road, Lahore, Punjab",-,10 Marla,For Sale,-,4 weeks ago,,,,
554,Residential Plot,PKR43.5 Lakh,"LDA Road, Lahore, Punjab",-,10 Marla,For Sale,-,4 weeks ago,,,,
555,Residential Plot,PKR1.3 Crore,"LDA Road, Lahore, Punjab",4,1 Kanal,For Sale,3,4 weeks ago,,,,
556,Residential Plot,PKR60 Lakh,"LDA Road, Lahore, Punjab",-,10 Marla,For Sale,-,4 weeks ago,,,,
557,Residential Plot,PKR26.75 Lakh,"LDA Road, Lahore, Punjab",-,5 Marla,For Sale,-,4 weeks ago,,,,
558,Plot File,PKR22 Lakh,"LDA Road, Lahore, Punjab",-,5 Marla,For Sale,-,4 weeks ago,,,,
559,Residential Plot,PKR80 Lakh,"LDA Road, Lahore, Punjab",-,10 Marla,For Sale,-,4 weeks ago,,,,
560,Residential Plot,PKR22 Lakh,"LDA Road, Lahore, Punjab",-,5 Marla,For Sale,-,4 weeks ago,,,,
561,Residential Plot,PKR33 Lakh,"LDA Road, Lahore, Punjab",-,5 Marla,For Sale,-,4 weeks ago,"Sewerage,Electricity,Water Supply",,,
562,Residential Plot,PKR35 Lakh,"LDA Road, Lahore, Punjab",-,10 Marla,For Sale,-,4 weeks ago,"Sewerage,Electricity,Water Supply",,,
563,Residential Plot,PKR60 Lakh,"LDA Road, Lahore, Punjab",-,10 Marla,For Sale,-,4 weeks ago,"Sewerage,Electricity,Water Supply",,,
564,Residential Plot,PKR42 Lakh,"LDA Road, Lahore, Punjab",-,10 Marla,For Sale,-,4 weeks ago,"Sewerage,Electricity,Water Supply",,,
565,Residential Plot,PKR18 Lakh,"LDA Road, Lahore, Punjab",-,5 Marla,For Sale,-,4 weeks ago,"Sewerage,Electricity,Water Supply",,,
566,Residential Plot,PKR40 Lakh,"LDA Road, Lahore, Punjab",-,10 Marla,For Sale,-,4 weeks ago,"Sewerage,Electricity,Water Supply",,,
567,Residential Plot,PKR60 Lakh,"LDA Road, Lahore, Punjab",-,10 Marla,For Sale,-,4 weeks ago,"Sewerage,Electricity,Water Supply",,,
568,Residential Plot,PKR25 Lakh,"LDA Road, Lahore, Punjab",-,5 Marla,For Sale,-,4 weeks ago,"Sewerage,Electricity,Water Supply",,,
569,Residential Plot,PKR65 Lakh,"LDA Road, Lahore, Punjab",-,1 Kanal,For Sale,-,4 weeks ago,"Sewerage,Electricity,Water Supply",,,
570,Residential Plot,PKR38 Lakh,"LDA Road, Lahore, Punjab",-,10 Marla,For Sale,-,4 weeks ago,"Sewerage,Electricity,Water Supply",,,
571,Residential Plot,PKR68 Lakh,"LDA Road, Lahore, Punjab",-,1 Kanal,For Sale,-,4 weeks ago,"Sewerage,Electricity,Water Supply",,,
572,Residential Plot,PKR26 Lakh,"LDA Road, Lahore, Punjab",-,5 Marla,For Sale,-,4 weeks ago,"Sewerage,Electricity,Water Supply",,,
573,Residential Plot,PKR60 Lakh,"LDA Road, Lahore, Punjab",-,10 Marla,For Sale,-,4 weeks ago,"Sewerage,Electricity,Water Supply",,,
574,Residential Plot,PKR42 Lakh,"LDA Road, Lahore, Punjab",-,10 Marla,For Sale,-,4 weeks ago,"Sewerage,Electricity,Water Supply",,,
575,Residential Plot,PKR68 Lakh,"LDA Road, Lahore, Punjab",-,1 Kanal,For Sale,-,4 weeks ago,"Sewerage,Electricity,Water Supply",,,
576,Residential Plot,PKR60 Lakh,"LDA Road, Lahore, Punjab",-,1 Kanal,For Sale,-,4 weeks ago,"Sewerage,Electricity,Water Supply",,,
577,Residential Plot,PKR60 Lakh,"LDA Road, Lahore, Punjab",-,1 Kanal,For Sale,-,4 weeks ago,"Sewerage,Electricity,Water Supply",,,
578,Residential Plot,PKR38 Lakh,"LDA Road, Lahore, Punjab",-,5 Marla,For Sale,-,4 weeks ago,"Sewerage,Electricity,Water Supply",,,
579,Residential Plot,PKR35 Lakh,"LDA Road, Lahore, Punjab",-,10 Marla,For Sale,-,4 weeks ago,"Sewerage,Electricity,Water Supply",,,
580,Residential Plot,PKR22.25 Lakh,"LDA Road, Lahore, Punjab",-,5 Marla,For Sale,-,4 weeks ago,,,,
581,Residential Plot,PKR73 Lakh,"LDA Road, Lahore, Punjab",-,1 Kanal,For Sale,-,4 weeks ago,,,,
582,Residential Plot,PKR2.4 Crore,"LDA Road, Lahore, Punjab",-,1 Kanal,For Sale,-,4 weeks ago,,,,
583,Residential Plot,PKR33 Lakh,"LDA Road, Lahore, Punjab",-,5 Marla,For Sale,-,4 weeks ago,,,,
584,Plot File,PKR22 Lakh,"LDA Road, Lahore, Punjab",-,5 Marla,For Sale,-,4 weeks ago,,,,
585,Residential Plot,PKR60 Lakh,"LDA Road, Lahore, Punjab",-,5 Marla,For Sale,-,4 weeks ago,,,,
586,Residential Plot,PKR90 Lakh,"LDA Road, Lahore, Punjab",-,1 Kanal,For Sale,-,4 weeks ago,,,,
587,Residential Plot,PKR23.5 Lakh,"LDA Road, Lahore, Punjab",-,5 Marla,For Sale,-,4 weeks ago,,,,
588,Residential Plot,PKR71 Lakh,"LDA Road, Lahore, Punjab",-,1 Kanal,For Sale,-,4 weeks ago,,,,
589,Plot File,PKR33 Lakh,"LDA Road, Lahore, Punjab",-,10 Marla,For Sale,-,4 weeks ago,,,,
590,Residential Plot,PKR63.5 Lakh,"LDA Road, Lahore, Punjab",-,1 Kanal,For Sale,-,4 weeks ago,,,,
591,Residential Plot,PKR55 Lakh,"LDA Road, Lahore, Punjab",-,10 Marla,For Sale,-,4 weeks ago,"Disputed,File,Balloted,Sewerage,Electricity,Water Supply,Sui Gas,Boundary Wall,Security Staff",,,
592,Plot File,PKR21.5 Lakh,"LDA Road, Lahore, Punjab",-,5 Marla,For Sale,-,4 weeks ago,,,,
593,Residential Plot,PKR62 Lakh,"LDA Road, Lahore, Punjab",-,10 Marla,For Sale,-,1 month ago,"Disputed,File,Balloted,Sewerage,Electricity,Water Supply,Sui Gas,Boundary Wall,Nearby Shopping Malls,Nearby Restaurants,Distance From Airport (kms),Nearby Public Transport Service,Other Nearby Places,Security Staff",,,
594,Plot File,PKR59 Lakh,"LDA Road, Lahore, Punjab",-,1 Kanal,For Sale,-,1 month ago,,,,
595,Residential Plot,PKR25 Lakh,"LDA Road, Lahore, Punjab",-,5 Marla,For Sale,-,10 hours ago,"Sewerage,Electricity,Water Supply",,,
596,Residential Plot,PKR36 Lakh,"LDA Road, Lahore, Punjab",-,10 Marla,For Sale,-,10 hours ago,"Sewerage,Electricity,Water Supply",,,
597,Residential Plot,PKR45 Lakh,"LDA Road, Lahore, Punjab",-,10 Marla,For Sale,-,10 hours ago,"Sewerage,Electricity,Water Supply",,,
598,Residential Plot,PKR65 Lakh,"LDA Road, Lahore, Punjab",-,1 Kanal,For Sale,-,10 hours ago,"Sewerage,Electricity,Water Supply",,,
599,Residential Plot,PKR62 Lakh,"LDA Road, Lahore, Punjab",-,10 Marla,For Sale,-,10 hours ago,"Sewerage,Electricity,Water Supply",,,
600,Residential Plot,PKR25 Lakh,"LDA Road, Lahore, Punjab",-,5 Marla,For Sale,-,10 hours ago,"Sewerage,Electricity,Water Supply",,,
601,Residential Plot,PKR65 Lakh,"LDA Road, Lahore, Punjab",-,1 Kanal,For Sale,-,10 hours ago,"Sewerage,Electricity,Water Supply",,,
602,Residential Plot,PKR62 Lakh,"LDA Road, Lahore, Punjab",-,10 Marla,For Sale,-,10 hours ago,"Sewerage,Electricity,Water Supply",,,
603,Residential Plot,PKR25 Lakh,"LDA Road, Lahore, Punjab",-,5 Marla,For Sale,-,10 hours ago,"Sewerage,Electricity,Water Supply",,,
604,Residential Plot,PKR18 Lakh,"LDA Road, Lahore, Punjab",-,5 Marla,For Sale,-,10 hours ago,"Sewerage,Electricity,Water Supply",,,
605,Residential Plot,PKR65 Lakh,"LDA Road, Lahore, Punjab",-,1 Kanal,For Sale,-,10 hours ago,"Sewerage,Electricity,Water Supply",,,
606,Residential Plot,PKR65 Lakh,"LDA Road, Lahore, Punjab",-,1 Kanal,For Sale,-,10 hours ago,"Sewerage,Electricity,Water Supply",,,
607,Residential Plot,PKR38 Lakh,"LDA Road, Lahore, Punjab",-,10 Marla,For Sale,-,10 hours ago,"Sewerage,Electricity,Water Supply",,,
608,Residential Plot,PKR45 Lakh,"LDA Road, Lahore, Punjab",-,10 Marla,For Sale,-,10 hours ago,"Sewerage,Electricity,Water Supply",,,
609,Residential Plot,PKR18 Lakh,"LDA Road, Lahore, Punjab",-,5 Marla,For Sale,-,10 hours ago,"Sewerage,Electricity,Water Supply",,,
610,Residential Plot,PKR38 Lakh,"LDA Road, Lahore, Punjab",-,10 Marla,For Sale,-,10 hours ago,"Sewerage,Electricity,Water Supply",,,
611,Residential Plot,PKR33.5 Lakh,"LDA Road, Lahore, Punjab",6,10 Marla,For Sale,6,1 month ago,,,,
612,Plot File,PKR62 Lakh,"LDA Road, Lahore, Punjab",-,1 Kanal,For Sale,-,1 month ago,,,,
613,Plot File,PKR63 Lakh,"LDA Road, Lahore, Punjab",-,1 Kanal,For Sale,-,1 month ago,,,,
614,Agricultural Land,PKR11 Crore,"LDA Road, Lahore, Punjab",-,40 Kanal,For Sale,-,1 month ago,,,,
615,Plot File,PKR23 Lakh,"LDA Road, Lahore, Punjab",-,5 Marla,For Sale,-,1 month ago,,,,
616,Residential Plot,PKR60 Lakh,"LDA Road, Lahore, Punjab",-,10 Marla,For Sale,-,1 month ago,"Sewerage,Electricity,Water Supply",,,
617,Agricultural Land,PKR13 Crore,"LDA Road, Lahore, Punjab",-,48 Kanal,For Sale,-,2 months ago,"Nearby Hospitals,Distance From Airport (kms),Nearby Public Transport Service",,,
618,Plot File,PKR45 Lakh,"LDA Road, Lahore, Punjab",-,10 Marla,For Sale,-,2 months ago,,,,
619,Plot File,PKR20 Lakh,"LDA Road, Lahore, Punjab",-,5 Marla,For Sale,-,2 months ago,,,,
620,Plot File,PKR33.5 Lakh,"LDA Road, Lahore, Punjab",-,10 Marla,For Sale,-,2 months ago,,,,
621,Residential Plot,PKR70 Lakh,"LDA Road, Lahore, Punjab",-,10 Marla,For Sale,-,4 months ago,,,,
622,Residential Plot,PKR38 Lakh,"LDA Road, Lahore, Punjab",-,5 Marla,For Sale,-,5 months ago,"Corner,Balloted,Boundary Wall",,,
623,Residential Plot,PKR25 Lakh,"LDA Road, Lahore, Punjab",-,5 Marla,For Sale,-,5 months ago,,,,
624,Residential Plot,PKR27 Lakh,"LDA Road, Lahore, Punjab",-,5 Marla,For Sale,-,5 months ago,,,,
625,Plot File,PKR92.6 Lakh,"LDA Road, Lahore, Punjab",-,5 Marla,For Sale,-,6 months ago,,,,
626,Residential Plot,PKR29 Lakh,"LDA Road, Lahore, Punjab",-,5 Marla,For Sale,-,6 months ago,,,,
627,Residential Plot,PKR25 Lakh,"LDA Road, Lahore, Punjab",-,5 Marla,For Sale,-,7 months ago,,,,
628,Residential Plot,PKR1.15 Crore,"LDA Road, Lahore, Punjab",-,10 Marla,For Sale,-,7 months ago,,,,
629,Commercial Plot,PKR2.17 Crore,"LDA Road, Lahore, Punjab",-,7 Marla,For Sale,-,7 months ago,"Balloted,Sewerage,Electricity,Water Supply,Sui Gas,Boundary Wall",PKR43.4 Lakh,PKR21.7 Lakh,8 Months
630,Residential Plot,PKR65 Lakh,"LDA Road, Lahore, Punjab",-,10 Marla,For Sale,-,8 months ago,,,,
631,Residential Plot,PKR60 Lakh,"LDA Road, Lahore, Punjab",-,10 Marla,For Sale,-,8 months ago,"Nearby Schools,Nearby Hospitals,Nearby Shopping Malls,Nearby Restaurants,Nearby Public Transport Service,Other Nearby Places",,,
632,Residential Plot,PKR37 Lakh,"LDA Road, Lahore, Punjab",-,5 Marla,For Sale,-,8 months ago,,,,
633,Residential Plot,PKR25 Lakh,"LDA Road, Lahore, Punjab",-,5 Marla,For Sale,-,8 months ago,,,,
634,Residential Plot,PKR50 Lakh,"LDA Road, Lahore, Punjab",-,5 Marla,For Sale,-,9 months ago,,,,
